text,source,date,url,truth_score,verdict
Sensex revises economic recovery trends,,,,94.65,TRUE
Indian banks revises interest rate outlook,,,,95.22,TRUE
Sensex signals strong quarterly earnings growth,,,,94.82,TRUE
Auto sector shows market volatility after global cues,,,,95.69,TRUE
IT stocks records credit growth improvement,,,,95.3,TRUE
Nifty updates foreign investment inflows,,,,95.41,TRUE
SEBI reports foreign investment inflows,,,,95.1,TRUE
Indian banks updates investment activity increase,,,,95.79,TRUE
IT stocks shows investment activity increase,,,,95.26,TRUE
Mutual fund industry announces policy changes amid inflation concerns,,,,96.44,TRUE
Mutual fund industry shows new regulatory framework,,,,96.03,TRUE
IT stocks expects sector growth outlook,,,,95.66,TRUE
RBI announces credit growth improvement,,,,95.71,TRUE
Auto sector announces strong quarterly earnings growth,,,,96.33,TRUE
Nifty records new regulatory framework,,,,94.58,TRUE
Mutual fund industry expects interest rate outlook,,,,95.67,TRUE
RBI announces strong quarterly earnings growth,,,,95.68,TRUE
Finance Ministry signals strong quarterly earnings growth,,,,95.72,TRUE
Nifty revises market volatility after global cues,,,,94.34,TRUE
PSU banks confirms sector growth outlook,,,,95.26,TRUE
Auto sector announces credit growth improvement,,,,96.37,TRUE
Auto sector signals market volatility after global cues,,,,95.21,TRUE
Finance Ministry records new regulatory framework,,,,95.03,TRUE
IT stocks confirms strong quarterly earnings growth,,,,95.71,TRUE
RBI updates investment activity increase,,,,95.13,TRUE
Auto sector shows economic recovery trends,,,,96.01,TRUE
Nifty revises interest rate outlook,,,,94.73,TRUE
IT stocks indicates market volatility after global cues,,,,93.97,TRUE
Nifty announces economic recovery trends,,,,94.56,TRUE
Sensex confirms strong quarterly earnings growth,,,,95.45,TRUE
Finance Ministry revises interest rate outlook,,,,95.3,TRUE
Sensex shows credit growth improvement,,,,94.99,TRUE
Indian banks reports interest rate outlook,,,,94.95,TRUE
Indian banks reports economic recovery trends,,,,95.18,TRUE
IT stocks confirms market volatility after global cues,,,,95.13,TRUE
Nifty updates market volatility after global cues,,,,94.63,TRUE
SEBI updates policy changes amid inflation concerns,,,,95.67,TRUE
Auto sector reports market volatility after global cues,,,,95.5,TRUE
Mutual fund industry shows market volatility after global cues,,,,95.55,TRUE
Indian banks reports sector growth outlook,,,,95.57,TRUE
PSU banks revises investment activity increase,,,,95.05,TRUE
Sensex updates economic recovery trends,,,,94.64,TRUE
Nifty revises sector growth outlook,,,,94.92,TRUE
IT stocks shows policy changes amid inflation concerns,,,,95.83,TRUE
RBI announces policy changes amid inflation concerns,,,,95.77,TRUE
Auto sector expects interest rate outlook,,,,95.89,TRUE
RBI revises foreign investment inflows,,,,95.73,TRUE
IT stocks reports economic recovery trends,,,,95.22,TRUE
Auto sector announces interest rate outlook,,,,95.96,TRUE
SEBI revises interest rate outlook,,,,94.91,TRUE
Nifty confirms credit growth improvement,,,,95.81,TRUE
Finance Ministry indicates economic recovery trends,,,,94.61,TRUE
SEBI expects new regulatory framework,,,,94.87,TRUE
Auto sector signals foreign investment inflows,,,,95.96,TRUE
Mutual fund industry announces credit growth improvement,,,,96.35,TRUE
Mutual fund industry records investment activity increase,,,,95.54,TRUE
Indian banks announces investment activity increase,,,,95.33,TRUE
Indian banks expects new regulatory framework,,,,95.15,TRUE
Finance Ministry reports market volatility after global cues,,,,95.06,TRUE
Finance Ministry updates foreign investment inflows,,,,95.64,TRUE
Nifty shows new regulatory framework,,,,95.01,TRUE
IT stocks shows new regulatory framework,,,,95.45,TRUE
Indian banks indicates foreign investment inflows,,,,95.51,TRUE
PSU banks confirms new regulatory framework,,,,95.16,TRUE
Finance Ministry confirms investment activity increase,,,,95.09,TRUE
Nifty shows interest rate outlook,,,,94.87,TRUE
PSU banks updates investment activity increase,,,,95.53,TRUE
SEBI records foreign investment inflows,,,,95.0,TRUE
Indian banks signals credit growth improvement,,,,95.33,TRUE
Indian banks shows investment activity increase,,,,95.35,TRUE
Mutual fund industry revises economic recovery trends,,,,95.89,TRUE
Nifty reports policy changes amid inflation concerns,,,,95.55,TRUE
SEBI updates investment activity increase,,,,95.23,TRUE
PSU banks announces credit growth improvement,,,,95.54,TRUE
Indian banks shows new regulatory framework,,,,95.52,TRUE
PSU banks reports interest rate outlook,,,,94.66,TRUE
Nifty records investment activity increase,,,,94.47,TRUE
SEBI revises economic recovery trends,,,,94.92,TRUE
Auto sector shows new regulatory framework,,,,96.3,TRUE
Nifty indicates economic recovery trends,,,,94.21,TRUE
IT stocks reports sector growth outlook,,,,95.65,TRUE
RBI revises market volatility after global cues,,,,94.82,TRUE
Mutual fund industry updates credit growth improvement,,,,96.32,TRUE
RBI expects sector growth outlook,,,,95.27,TRUE
PSU banks reports investment activity increase,,,,95.16,TRUE
Nifty confirms new regulatory framework,,,,95.21,TRUE
SEBI updates economic recovery trends,,,,94.89,TRUE
Auto sector expects strong quarterly earnings growth,,,,96.29,TRUE
RBI shows investment activity increase,,,,95.28,TRUE
SEBI records strong quarterly earnings growth,,,,95.31,TRUE
IT stocks records market volatility after global cues,,,,94.48,TRUE
PSU banks confirms investment activity increase,,,,95.14,TRUE
IT stocks updates credit growth improvement,,,,96.08,TRUE
SEBI shows policy changes amid inflation concerns,,,,95.49,TRUE
Nifty confirms interest rate outlook,,,,95.16,TRUE
RBI revises policy changes amid inflation concerns,,,,95.82,TRUE
Mutual fund industry records sector growth outlook,,,,95.8,TRUE
Sensex confirms investment activity increase,,,,95.08,TRUE
Auto sector confirms credit growth improvement,,,,96.53,TRUE
RBI shows policy changes amid inflation concerns,,,,95.84,TRUE
SEBI revises foreign investment inflows,,,,95.37,TRUE
Indian banks revises policy changes amid inflation concerns,,,,95.79,TRUE
Mutual fund industry confirms market volatility after global cues,,,,95.85,TRUE
Auto sector announces policy changes amid inflation concerns,,,,96.4,TRUE
Mutual fund industry announces foreign investment inflows,,,,96.03,TRUE
Indian banks records policy changes amid inflation concerns,,,,95.49,TRUE
RBI revises sector growth outlook,,,,95.47,TRUE
Indian banks records strong quarterly earnings growth,,,,95.21,TRUE
Sensex expects strong quarterly earnings growth,,,,94.96,TRUE
SEBI expects strong quarterly earnings growth,,,,95.49,TRUE
Indian banks shows economic recovery trends,,,,95.2,TRUE
PSU banks revises strong quarterly earnings growth,,,,95.31,TRUE
Indian banks announces strong quarterly earnings growth,,,,95.81,TRUE
Auto sector indicates sector growth outlook,,,,95.41,TRUE
Sensex confirms interest rate outlook,,,,95.04,TRUE
IT stocks indicates economic recovery trends,,,,94.47,TRUE
PSU banks expects market volatility after global cues,,,,94.43,TRUE
Finance Ministry updates interest rate outlook,,,,95.37,TRUE
Mutual fund industry signals policy changes amid inflation concerns,,,,96.47,TRUE
SEBI reports credit growth improvement,,,,95.27,TRUE
Mutual fund industry signals sector growth outlook,,,,95.96,TRUE
SEBI expects economic recovery trends,,,,94.61,TRUE
Indian banks signals policy changes amid inflation concerns,,,,95.75,TRUE
PSU banks indicates credit growth improvement,,,,95.24,TRUE
Finance Ministry signals policy changes amid inflation concerns,,,,95.98,TRUE
RBI revises economic recovery trends,,,,95.29,TRUE
SEBI signals strong quarterly earnings growth,,,,95.64,TRUE
Auto sector updates credit growth improvement,,,,96.57,TRUE
SEBI announces economic recovery trends,,,,94.65,TRUE
RBI shows strong quarterly earnings growth,,,,95.45,TRUE
SEBI confirms foreign investment inflows,,,,95.5,TRUE
IT stocks signals strong quarterly earnings growth,,,,95.5,TRUE
Sensex confirms market volatility after global cues,,,,94.86,TRUE
SEBI records economic recovery trends,,,,94.4,TRUE
Finance Ministry revises policy changes amid inflation concerns,,,,95.87,TRUE
RBI reports economic recovery trends,,,,94.86,TRUE
SEBI signals credit growth improvement,,,,95.57,TRUE
PSU banks reports policy changes amid inflation concerns,,,,95.76,TRUE
Sensex shows sector growth outlook,,,,94.66,TRUE
Indian banks shows credit growth improvement,,,,95.66,TRUE
Indian banks reports credit growth improvement,,,,95.75,TRUE
RBI confirms new regulatory framework,,,,95.36,TRUE
Mutual fund industry updates strong quarterly earnings growth,,,,96.08,TRUE
Finance Ministry revises foreign investment inflows,,,,95.68,TRUE
Sensex confirms sector growth outlook,,,,95.2,TRUE
SEBI confirms interest rate outlook,,,,95.09,TRUE
Nifty records foreign investment inflows,,,,94.71,TRUE
Sensex announces interest rate outlook,,,,94.3,TRUE
SEBI shows foreign investment inflows,,,,95.13,TRUE
RBI reports investment activity increase,,,,95.15,TRUE
Finance Ministry indicates sector growth outlook,,,,94.91,TRUE
SEBI announces interest rate outlook,,,,94.87,TRUE
Mutual fund industry records strong quarterly earnings growth,,,,95.96,TRUE
Finance Ministry indicates interest rate outlook,,,,94.53,TRUE
Indian banks indicates policy changes amid inflation concerns,,,,95.74,TRUE
Mutual fund industry confirms credit growth improvement,,,,96.42,TRUE
Sensex records market volatility after global cues,,,,94.13,TRUE
Mutual fund industry announces strong quarterly earnings growth,,,,96.36,TRUE
Indian banks indicates investment activity increase,,,,95.03,TRUE
Finance Ministry reports credit growth improvement,,,,95.84,TRUE
IT stocks expects market volatility after global cues,,,,94.48,TRUE
Finance Ministry signals market volatility after global cues,,,,94.72,TRUE
Auto sector confirms policy changes amid inflation concerns,,,,96.54,TRUE
Indian banks announces credit growth improvement,,,,95.81,TRUE
PSU banks expects credit growth improvement,,,,95.26,TRUE
IT stocks signals policy changes amid inflation concerns,,,,95.77,TRUE
Sensex indicates strong quarterly earnings growth,,,,94.36,TRUE
Nifty updates new regulatory framework,,,,95.28,TRUE
Auto sector records new regulatory framework,,,,95.41,TRUE
IT stocks reports market volatility after global cues,,,,94.86,TRUE
RBI expects strong quarterly earnings growth,,,,95.26,TRUE
Finance Ministry revises market volatility after global cues,,,,94.98,TRUE
RBI revises investment activity increase,,,,95.4,TRUE
IT stocks announces strong quarterly earnings growth,,,,95.71,TRUE
Mutual fund industry records interest rate outlook,,,,95.24,TRUE
Nifty indicates market volatility after global cues,,,,93.73,TRUE
Sensex records economic recovery trends,,,,94.09,TRUE
IT stocks expects strong quarterly earnings growth,,,,95.6,TRUE
IT stocks announces credit growth improvement,,,,95.74,TRUE
PSU banks indicates economic recovery trends,,,,94.69,TRUE
Nifty signals new regulatory framework,,,,94.53,TRUE
Nifty shows investment activity increase,,,,94.83,TRUE
IT stocks expects economic recovery trends,,,,94.74,TRUE
IT stocks shows interest rate outlook,,,,95.31,TRUE
Mutual fund industry revises new regulatory framework,,,,95.81,TRUE
Auto sector signals sector growth outlook,,,,95.48,TRUE
IT stocks updates new regulatory framework,,,,95.65,TRUE
RBI shows new regulatory framework,,,,95.46,TRUE
IT stocks updates interest rate outlook,,,,95.47,TRUE
Sensex revises investment activity increase,,,,94.77,TRUE
Sensex confirms credit growth improvement,,,,95.69,TRUE
Finance Ministry expects market volatility after global cues,,,,94.76,TRUE
Finance Ministry announces investment activity increase,,,,95.27,TRUE
Indian banks confirms market volatility after global cues,,,,95.22,TRUE
Auto sector confirms economic recovery trends,,,,95.79,TRUE
Finance Ministry expects strong quarterly earnings growth,,,,95.72,TRUE
Auto sector updates new regulatory framework,,,,96.23,TRUE
Finance Ministry updates new regulatory framework,,,,95.53,TRUE
PSU banks expects strong quarterly earnings growth,,,,95.48,TRUE
Auto sector updates policy changes amid inflation concerns,,,,96.49,TRUE
Indian banks confirms foreign investment inflows,,,,95.75,TRUE
Sensex reports interest rate outlook,,,,94.36,TRUE
Nifty records economic recovery trends,,,,94.1,TRUE
Auto sector shows credit growth improvement,,,,96.42,TRUE
Sensex records interest rate outlook,,,,94.03,TRUE
Auto sector reports economic recovery trends,,,,95.79,TRUE
Indian banks updates policy changes amid inflation concerns,,,,96.13,TRUE
Indian banks announces economic recovery trends,,,,95.15,TRUE
Mutual fund industry signals market volatility after global cues,,,,95.4,TRUE
Nifty updates strong quarterly earnings growth,,,,95.32,TRUE
RBI shows foreign investment inflows,,,,95.59,TRUE
SEBI signals policy changes amid inflation concerns,,,,95.89,TRUE
Finance Ministry reports new regulatory framework,,,,95.26,TRUE
IT stocks records economic recovery trends,,,,94.5,TRUE
SEBI expects interest rate outlook,,,,94.95,TRUE
RBI announces market volatility after global cues,,,,94.71,TRUE
RBI updates interest rate outlook,,,,94.95,TRUE
PSU banks updates strong quarterly earnings growth,,,,95.56,TRUE
Mutual fund industry indicates economic recovery trends,,,,95.44,TRUE
Mutual fund industry announces investment activity increase,,,,95.97,TRUE
IT stocks reports credit growth improvement,,,,95.85,TRUE
Mutual fund industry signals credit growth improvement,,,,96.17,TRUE
SEBI reports investment activity increase,,,,94.92,TRUE
IT stocks shows economic recovery trends,,,,95.09,TRUE
RBI revises new regulatory framework,,,,95.17,TRUE
Finance Ministry shows credit growth improvement,,,,95.61,TRUE
SEBI expects credit growth improvement,,,,95.3,TRUE
IT stocks announces policy changes amid inflation concerns,,,,95.8,TRUE
Indian banks shows interest rate outlook,,,,95.39,TRUE
Indian banks reports investment activity increase,,,,95.44,TRUE
Finance Ministry records policy changes amid inflation concerns,,,,95.7,TRUE
Indian banks signals investment activity increase,,,,94.54,TRUE
SEBI records interest rate outlook,,,,94.34,TRUE
IT stocks updates investment activity increase,,,,95.65,TRUE
Sensex expects sector growth outlook,,,,94.92,TRUE
Indian banks expects strong quarterly earnings growth,,,,95.72,TRUE
Mutual fund industry revises credit growth improvement,,,,95.85,TRUE
Finance Ministry signals new regulatory framework,,,,95.31,TRUE
IT stocks revises economic recovery trends,,,,94.77,TRUE
PSU banks announces new regulatory framework,,,,95.03,TRUE
SEBI revises market volatility after global cues,,,,94.5,TRUE
Nifty reports credit growth improvement,,,,95.26,TRUE
Auto sector revises market volatility after global cues,,,,95.39,TRUE
SEBI signals sector growth outlook,,,,95.26,TRUE
IT stocks reports strong quarterly earnings growth,,,,95.56,TRUE
RBI confirms foreign investment inflows,,,,95.71,TRUE
Indian banks indicates credit growth improvement,,,,95.52,TRUE
Finance Ministry expects interest rate outlook,,,,95.23,TRUE
IT stocks confirms policy changes amid inflation concerns,,,,96.0,TRUE
IT stocks reports new regulatory framework,,,,95.15,TRUE
Auto sector expects sector growth outlook,,,,95.96,TRUE
SEBI records policy changes amid inflation concerns,,,,95.57,TRUE
IT stocks announces new regulatory framework,,,,95.17,TRUE
PSU banks shows investment activity increase,,,,95.08,TRUE
PSU banks records foreign investment inflows,,,,94.59,TRUE
RBI announces interest rate outlook,,,,95.18,TRUE
IT stocks updates foreign investment inflows,,,,95.78,TRUE
SEBI updates interest rate outlook,,,,95.05,TRUE
Sensex shows foreign investment inflows,,,,94.96,TRUE
RBI signals credit growth improvement,,,,95.32,TRUE
Mutual fund industry shows strong quarterly earnings growth,,,,96.07,TRUE
Auto sector updates economic recovery trends,,,,95.96,TRUE
Indian banks updates credit growth improvement,,,,96.18,TRUE
Indian banks expects policy changes amid inflation concerns,,,,95.81,TRUE
PSU banks reports new regulatory framework,,,,94.84,TRUE
Indian banks updates strong quarterly earnings growth,,,,95.8,TRUE
Sensex records sector growth outlook,,,,94.84,TRUE
Sensex reports new regulatory framework,,,,94.55,TRUE
RBI indicates credit growth improvement,,,,95.09,TRUE
Mutual fund industry confirms economic recovery trends,,,,95.77,TRUE
Finance Ministry announces foreign investment inflows,,,,95.34,TRUE
Indian banks revises market volatility after global cues,,,,94.84,TRUE
Mutual fund industry expects new regulatory framework,,,,95.61,TRUE
Indian banks indicates economic recovery trends,,,,94.98,TRUE
PSU banks signals market volatility after global cues,,,,94.12,TRUE
RBI records policy changes amid inflation concerns,,,,95.38,TRUE
PSU banks indicates policy changes amid inflation concerns,,,,95.52,TRUE
IT stocks announces market volatility after global cues,,,,94.74,TRUE
PSU banks expects investment activity increase,,,,94.74,TRUE
RBI signals policy changes amid inflation concerns,,,,95.71,TRUE
Indian banks reports foreign investment inflows,,,,95.6,TRUE
Indian banks updates economic recovery trends,,,,95.49,TRUE
Mutual fund industry reports foreign investment inflows,,,,95.92,TRUE
PSU banks indicates investment activity increase,,,,94.74,TRUE
Mutual fund industry announces sector growth outlook,,,,95.99,TRUE
RBI indicates interest rate outlook,,,,94.4,TRUE
IT stocks revises interest rate outlook,,,,94.76,TRUE
RBI updates credit growth improvement,,,,95.56,TRUE
PSU banks shows market volatility after global cues,,,,94.65,TRUE
Indian banks shows sector growth outlook,,,,95.36,TRUE
IT stocks reports foreign investment inflows,,,,95.68,TRUE
Mutual fund industry shows foreign investment inflows,,,,96.12,TRUE
Mutual fund industry indicates foreign investment inflows,,,,95.86,TRUE
Indian banks updates market volatility after global cues,,,,95.18,TRUE
PSU banks updates foreign investment inflows,,,,95.64,TRUE
Auto sector shows interest rate outlook,,,,96.19,TRUE
PSU banks updates market volatility after global cues,,,,94.93,TRUE
Auto sector confirms investment activity increase,,,,96.04,TRUE
SEBI records sector growth outlook,,,,95.14,TRUE
PSU banks announces sector growth outlook,,,,95.07,TRUE
IT stocks confirms foreign investment inflows,,,,95.75,TRUE
RBI signals foreign investment inflows,,,,95.14,TRUE
Sensex signals sector growth outlook,,,,94.3,TRUE
Sensex updates market volatility after global cues,,,,94.37,TRUE
PSU banks confirms strong quarterly earnings growth,,,,95.51,TRUE
Finance Ministry shows investment activity increase,,,,95.33,TRUE
Auto sector expects credit growth improvement,,,,96.16,TRUE
IT stocks records investment activity increase,,,,94.85,TRUE
PSU banks records strong quarterly earnings growth,,,,94.96,TRUE
Indian banks revises foreign investment inflows,,,,95.62,TRUE
Sensex expects investment activity increase,,,,94.11,TRUE
Indian banks announces new regulatory framework,,,,95.31,TRUE
Nifty shows sector growth outlook,,,,94.84,TRUE
Indian banks expects interest rate outlook,,,,95.22,TRUE
IT stocks records sector growth outlook,,,,95.23,TRUE
SEBI signals economic recovery trends,,,,94.59,TRUE
Auto sector records investment activity increase,,,,95.32,TRUE
IT stocks signals interest rate outlook,,,,94.4,TRUE
RBI reports strong quarterly earnings growth,,,,95.26,TRUE
Mutual fund industry updates interest rate outlook,,,,95.9,TRUE
Nifty confirms foreign investment inflows,,,,95.57,TRUE
SEBI revises policy changes amid inflation concerns,,,,95.54,TRUE
Auto sector updates sector growth outlook,,,,95.79,TRUE
Nifty indicates policy changes amid inflation concerns,,,,95.16,TRUE
Sensex updates new regulatory framework,,,,94.98,TRUE
SEBI signals new regulatory framework,,,,95.22,TRUE
Finance Ministry shows economic recovery trends,,,,95.18,TRUE
RBI revises interest rate outlook,,,,95.28,TRUE
Nifty records strong quarterly earnings growth,,,,95.06,TRUE
IT stocks signals foreign investment inflows,,,,95.22,TRUE
Auto sector confirms new regulatory framework,,,,96.06,TRUE
SEBI announces policy changes amid inflation concerns,,,,95.54,TRUE
IT stocks shows credit growth improvement,,,,95.61,TRUE
PSU banks indicates foreign investment inflows,,,,95.23,TRUE
Mutual fund industry indicates interest rate outlook,,,,95.38,TRUE
Auto sector revises economic recovery trends,,,,95.75,TRUE
IT stocks updates economic recovery trends,,,,95.31,TRUE
SEBI confirms credit growth improvement,,,,95.74,TRUE
Finance Ministry expects sector growth outlook,,,,95.72,TRUE
Indian banks updates sector growth outlook,,,,95.73,TRUE
PSU banks updates policy changes amid inflation concerns,,,,95.92,TRUE
Nifty indicates interest rate outlook,,,,94.12,TRUE
Sensex shows strong quarterly earnings growth,,,,94.91,TRUE
SEBI revises sector growth outlook,,,,95.1,TRUE
Sensex records strong quarterly earnings growth,,,,95.06,TRUE
Auto sector signals strong quarterly earnings growth,,,,96.17,TRUE
Indian banks signals new regulatory framework,,,,95.01,TRUE
Mutual fund industry signals economic recovery trends,,,,95.49,TRUE
IT stocks records foreign investment inflows,,,,95.1,TRUE
PSU banks shows credit growth improvement,,,,95.39,TRUE
Auto sector indicates foreign investment inflows,,,,95.97,TRUE
Mutual fund industry confirms sector growth outlook,,,,96.09,TRUE
PSU banks expects economic recovery trends,,,,94.63,TRUE
SEBI indicates foreign investment inflows,,,,94.63,TRUE
Finance Ministry shows market volatility after global cues,,,,94.94,TRUE
Auto sector revises strong quarterly earnings growth,,,,96.02,TRUE
Mutual fund industry signals new regulatory framework,,,,95.93,TRUE
Sensex reports policy changes amid inflation concerns,,,,95.55,TRUE
RBI indicates foreign investment inflows,,,,95.08,TRUE
Finance Ministry reports sector growth outlook,,,,95.68,TRUE
Auto sector indicates economic recovery trends,,,,95.5,TRUE
Auto sector updates investment activity increase,,,,96.22,TRUE
PSU banks revises new regulatory framework,,,,94.83,TRUE
RBI confirms strong quarterly earnings growth,,,,95.67,TRUE
Auto sector expects policy changes amid inflation concerns,,,,96.33,TRUE
Nifty updates economic recovery trends,,,,94.94,TRUE
Indian banks confirms policy changes amid inflation concerns,,,,96.05,TRUE
PSU banks announces policy changes amid inflation concerns,,,,95.7,TRUE
RBI confirms market volatility after global cues,,,,95.09,TRUE
IT stocks signals new regulatory framework,,,,95.06,TRUE
IT stocks confirms investment activity increase,,,,95.38,TRUE
Mutual fund industry confirms new regulatory framework,,,,96.01,TRUE
SEBI confirms new regulatory framework,,,,95.14,TRUE
PSU banks confirms credit growth improvement,,,,95.7,TRUE
Nifty announces new regulatory framework,,,,94.74,TRUE
IT stocks expects foreign investment inflows,,,,95.19,TRUE
RBI records strong quarterly earnings growth,,,,95.1,TRUE
RBI confirms policy changes amid inflation concerns,,,,95.97,TRUE
Mutual fund industry announces interest rate outlook,,,,95.98,TRUE
SEBI updates credit growth improvement,,,,95.67,TRUE
Finance Ministry reports strong quarterly earnings growth,,,,95.66,TRUE
Mutual fund industry reports sector growth outlook,,,,95.89,TRUE
Auto sector revises investment activity increase,,,,95.84,TRUE
Nifty shows policy changes amid inflation concerns,,,,95.5,TRUE
PSU banks updates interest rate outlook,,,,95.36,TRUE
IT stocks confirms economic recovery trends,,,,95.06,TRUE
Nifty reports investment activity increase,,,,94.91,TRUE
IT stocks reports policy changes amid inflation concerns,,,,95.99,TRUE
Auto sector reports investment activity increase,,,,96.02,TRUE
Auto sector reports policy changes amid inflation concerns,,,,96.43,TRUE
Mutual fund industry revises foreign investment inflows,,,,96.2,TRUE
Nifty reports foreign investment inflows,,,,95.09,TRUE
Mutual fund industry records credit growth improvement,,,,95.85,TRUE
PSU banks announces strong quarterly earnings growth,,,,95.58,TRUE
Sensex reports investment activity increase,,,,94.91,TRUE
RBI expects policy changes amid inflation concerns,,,,95.38,TRUE
Finance Ministry shows strong quarterly earnings growth,,,,95.54,TRUE
Nifty confirms policy changes amid inflation concerns,,,,95.86,TRUE
SEBI confirms policy changes amid inflation concerns,,,,95.81,TRUE
Sensex confirms new regulatory framework,,,,95.09,TRUE
Nifty announces strong quarterly earnings growth,,,,95.34,TRUE
Finance Ministry reports foreign investment inflows,,,,95.7,TRUE
RBI signals new regulatory framework,,,,94.98,TRUE
RBI records new regulatory framework,,,,94.62,TRUE
Finance Ministry confirms credit growth improvement,,,,95.59,TRUE
RBI reports new regulatory framework,,,,94.8,TRUE
Sensex reports foreign investment inflows,,,,95.09,TRUE
PSU banks expects sector growth outlook,,,,95.48,TRUE
IT stocks revises new regulatory framework,,,,94.65,TRUE
Mutual fund industry expects foreign investment inflows,,,,95.75,TRUE
Finance Ministry records sector growth outlook,,,,95.24,TRUE
Auto sector signals new regulatory framework,,,,95.83,TRUE
Finance Ministry announces strong quarterly earnings growth,,,,95.76,TRUE
RBI signals strong quarterly earnings growth,,,,95.43,TRUE
PSU banks confirms economic recovery trends,,,,94.84,TRUE
Sensex records credit growth improvement,,,,94.91,TRUE
PSU banks confirms interest rate outlook,,,,95.11,TRUE
Auto sector confirms strong quarterly earnings growth,,,,96.3,TRUE
Sensex reports market volatility after global cues,,,,94.33,TRUE
Nifty signals credit growth improvement,,,,94.87,TRUE
IT stocks confirms interest rate outlook,,,,95.35,TRUE
Sensex records new regulatory framework,,,,94.58,TRUE
Indian banks expects economic recovery trends,,,,94.92,TRUE
RBI shows interest rate outlook,,,,95.32,TRUE
RBI confirms credit growth improvement,,,,95.95,TRUE
Nifty announces investment activity increase,,,,94.76,TRUE
RBI announces investment activity increase,,,,95.16,TRUE
Indian banks shows market volatility after global cues,,,,94.9,TRUE
Nifty confirms market volatility after global cues,,,,94.97,TRUE
Sensex updates foreign investment inflows,,,,95.12,TRUE
Indian banks confirms investment activity increase,,,,95.42,TRUE
Finance Ministry announces economic recovery trends,,,,95.11,TRUE
IT stocks indicates sector growth outlook,,,,94.83,TRUE
SEBI announces foreign investment inflows,,,,94.94,TRUE
Auto sector reports sector growth outlook,,,,95.75,TRUE
IT stocks expects policy changes amid inflation concerns,,,,95.68,TRUE
IT stocks revises sector growth outlook,,,,94.95,TRUE
Nifty indicates investment activity increase,,,,94.28,TRUE
Nifty indicates sector growth outlook,,,,94.57,TRUE
Auto sector shows foreign investment inflows,,,,96.39,TRUE
Sensex shows economic recovery trends,,,,94.46,TRUE
Mutual fund industry signals strong quarterly earnings growth,,,,96.26,TRUE
Finance Ministry reports policy changes amid inflation concerns,,,,96.07,TRUE
Indian banks signals foreign investment inflows,,,,95.17,TRUE
Auto sector indicates interest rate outlook,,,,95.43,TRUE
RBI reports policy changes amid inflation concerns,,,,95.73,TRUE
Nifty revises investment activity increase,,,,94.85,TRUE
Sensex indicates credit growth improvement,,,,94.61,TRUE
Sensex revises strong quarterly earnings growth,,,,95.05,TRUE
RBI tightens bank lending norms for stock brokers,The Indian Express,2026-02-14T16:25:11Z,,73.44,TRUE
"UPSC Essentials | Daily subject-wise quiz : Economy MCQs on PMKVY scheme, exchange traded funds and more (Week 149)",The Indian Express,2026-02-12T14:42:26Z,,56.51,TRUE
Your arbitrage fund returns will fall by about 0.5% next year due to this increased STT: Deepak Shenoy,Economictimes.com,2026-02-01T10:50:36Z,,71.78,TRUE
Global Intelligence Crisis,Citriniresearch.com,2026-02-22T20:56:18Z,,87.31,TRUE
"UPSC Key: Union Budget 2026-27, National Population Register, and Tariff",The Indian Express,2026-02-02T13:32:14Z,,80.34,TRUE
"SP Group's Rs 25,000 crore bond issue price likely to be lower",The Times of India,2026-02-26T00:54:16Z,,80.34,TRUE
Links 2/4/2026,Nakedcapitalism.com,2026-02-04T11:55:54Z,,80.34,TRUE
360 ONE's Mayur Patel spots opportunities in 4 sectors for your FY27 portfolio,The Times of India,2026-02-27T03:30:00Z,,80.34,TRUE
"Sitharaman counters LoP on farmers, food security & data",The Indian Express,2026-02-12T00:00:49Z,,80.34,TRUE
Time to be selective in NBFCs as earnings premium shrinks: Viral Shah,The Times of India,2026-02-24T08:44:42Z,,87.59,TRUE
"Union Budget 2026: FM announces panel to review banking sector, move aimed at strengthening banking system",The Indian Express,2026-02-01T07:35:44Z,,92.35,TRUE
UPSC Essentials | Mains answer practice — GS 3 : Questions on thorium-based nuclear power and India’s economic competitiveness (Week 140),The Indian Express,2026-02-03T12:08:33Z,,88.93,TRUE
QUALCOMM Incorporated (QCOM) Signs Deal with Tata Electronics to Produce Automotive Modules in India,Yahoo Entertainment,2026-02-25T09:56:03Z,,80.34,TRUE
Budget moves forward with future as focus but ducks key reforms,The Indian Express,2026-02-02T01:52:58Z,,80.34,TRUE
US-India trade deal: What we know so far,RT,2026-02-03T11:24:08Z,,54.42,TRUE
RBI gives approval to SBI MF to acquire up to 9.99% in Bandhan Bank,BusinessLine,2026-02-26T15:42:20Z,,89.75,TRUE
Read Trump's 2026 State of the Union address,NPR,2026-02-25T06:07:40Z,,80.34,TRUE
RBI will have to lend a hand to support the government’s large borrowing,BusinessLine,2026-02-01T14:45:47Z,,89.75,TRUE
"Top Business & Market Headlines Today — BL Morning Report, Feb 16, 2026",BusinessLine,2026-02-15T10:09:35Z,,87.31,TRUE
"Vertical Aerospace: Commercial Wins, Stock Price Lows",MarketBeat,2026-02-07T15:28:00Z,,47.36,FAKE
"Jobs, cash, loans: Can Bangladesh’s parties deliver on election promises?",Al Jazeera English,2026-02-03T05:31:22Z,,80.34,TRUE
"India’s biggest risk is not the macro, it’s investor expectations: Kalpen Parekh, MD & CEO, DSP Mutual Fund",The Times of India,2026-02-16T01:00:00Z,,83.11,TRUE
"Why This Computer Scientist Says All Cryptocurrency Should ""Die in a Fire""",Currentaffairs.org,2026-02-04T16:59:29Z,,80.34,TRUE
"Stock Market Highlights: Sensex, Nifty trade in narrow range amid cautious investor sentiment",BusinessLine,2026-02-11T10:47:32Z,,87.22,TRUE
"JL Goes International, and to ETFs…… Oh my!",Jlcollinsnh.com,2026-02-09T00:45:25Z,,80.34,TRUE
"Stocks in news: Vishal Mega Mart, Bandhan Bank, Indian Oil, Bharti Airtel, BPCL",The Times of India,2026-02-27T01:08:38Z,,92.01,TRUE
Brokers forced to rethink funding playbook as India curbs loans,Bloomberg,2026-02-16T10:35:57Z,,80.34,TRUE
Ray Dalio warns the world is ‘on the brink’ of a capital war of weaponizing money—and gold is the best way for people to protect themselves,Fortune,2026-02-04T19:43:56Z,,80.34,TRUE
Are REITs emerging as the new alternative to mutual funds?,Livemint,2026-02-25T05:45:01Z,,90.44,TRUE
"Know Your Fund Manager | Basant Bafna, Head – Fixed Income, Mirae Asset",Economictimes.com,2026-02-21T06:41:48Z,,72.7,TRUE
"Top Business & Market Headlines Today — BL Morning Report, Feb 10, 2026",BusinessLine,2026-02-09T16:09:50Z,,87.31,TRUE
Stock Market Live: Stock to buy today: Sammaan Capital,BusinessLine,2026-02-26T01:22:03Z,,60.82,TRUE
"Stock Market Live Updates February 17: Stock to buy today: Cummins India (₹4,520.65) – BUY",BusinessLine,2026-02-17T01:18:03Z,,70.32,TRUE
Rising Middle East tensions lift gold as capital flight to safety continues,Cointelegraph,2026-02-26T12:15:34Z,,80.34,TRUE
Your toughest investment opponent is yourself: Bajaj Finserv MF's Ganesh Mohan,Livemint,2026-02-16T07:43:11Z,,92.5,TRUE
"Top Business & Market Headlines Today — BL Morning Report, Feb 12, 2026",BusinessLine,2026-02-11T16:12:22Z,,87.31,TRUE
"CleanMax Enviro Energy IPO subscribed 79% so far on last day, retail interest muted",BusinessLine,2026-02-25T09:42:11Z,,88.62,TRUE
"Gold, silver get bigger role as SEBI tweaks MF valuation rules: A hedge against global uncertainty and exchange rate volatility?",The Times of India,2026-02-27T09:43:50Z,,93.06,TRUE
"RBI opens bank lending for real estate trusts, draft norms to be issued soon",Livemint,2026-02-06T11:07:18Z,,89.75,TRUE
Old Bridge AMC sees value in export-oriented companies,BusinessLine,2026-02-11T12:43:48Z,,80.34,TRUE
"SEBI Chairman says innovation should flourish, but not at cost of ‘market integrity’",BusinessLine,2026-02-20T12:02:25Z,,90.62,TRUE
"We have a lot of conviction in small & mid caps, says Vaiibhavv Chugh of Abakkus Mutual Fund",Livemint,2026-02-17T05:11:23Z,,90.4,TRUE
Exclusive analysis: we looked at the 400 western firms still in Russia. Their paltry size strips Putin’s bluff bare naked,Fortune,2026-02-27T13:30:00Z,,80.34,TRUE
DII flows into equity hit 10-month low in February,The Times of India,2026-02-27T00:04:40Z,,80.34,TRUE
"Bharti Airtel shares in focus as company plans Rs 20,000 crore NBFC investment",The Times of India,2026-02-24T03:29:10Z,,92.5,TRUE
"New rules for M&A financing, loans against shares",The Times of India,2026-02-13T19:38:39Z,,89.25,TRUE
"MFs’ Bets: 15 smallcap stocks turn volatile, tumble up to 50% in 3 months. Do you own any?",Economictimes.com,2026-02-03T08:09:02Z,,90.36,TRUE
Arbitrage funds: Profiting from price gaps in volatile market,BusinessLine,2026-03-01T05:36:49Z,,87.31,TRUE
"Explained: What new RBI norms mean for BSE, MCX, stock brokers and prop traders",The Times of India,2026-02-16T05:29:28Z,,82.36,TRUE
SIFs: The next era of investing,The Times of India,2026-02-09T06:13:41Z,,80.34,TRUE
Ahead of Market: 10 things that will decide stock market action on Tuesday,The Times of India,2026-02-23T15:37:09Z,,79.67,TRUE
HDFC Defence Fund exists this small cap stock that went up by 500% in 5 years,Economictimes.com,2026-02-14T04:07:29Z,,70.01,TRUE
Coffee Break: The Mask of Unreality Slipping?,Nakedcapitalism.com,2026-02-02T19:00:55Z,,80.34,TRUE
Can the India-US trade deal alone arrest rupee’s downfall?,The Times of India,2026-02-12T22:30:00Z,,80.34,TRUE
RBI greenlights SBI Mutual Fund's plan to buy up to 9.99% in Bandhan Bank,The Times of India,2026-02-26T11:04:42Z,,90.73,TRUE
American unexceptionalism: Foreign markets leave U.S. stocks in the dust,Fortune,2026-02-11T11:06:00Z,,92.3,TRUE
"Stock Market Highlights: Sensex closes 558 points lower at 83,674, Nifty 50 slides 146 points to 25,807",BusinessLine,2026-02-12T11:13:42Z,,84.65,TRUE
Gaudium IVF ends 1.87% higher at ₹80.48 after listing higher,BusinessLine,2026-02-27T13:21:59Z,,80.34,TRUE
"BSE, MCX, Angel One, Groww shares fall up to 10%. Here’s why",The Times of India,2026-02-16T04:54:41Z,,80.34,TRUE
"Only index funds, no stock picking: How you can grow wealth the simple way",Economictimes.com,2026-02-12T07:38:30Z,,47.36,FAKE
"AI tailwinds & IT stocks: Why Infosys, TCS, HCLTech and Wipro stocks are rising",BusinessLine,2026-02-19T05:27:37Z,,84.1,TRUE
"Motilal Oswal Alternates raises Rs 1,700-crore fund",The Times of India,2026-02-27T00:14:33Z,,86.87,TRUE
Don’t ignore E-Voting,BusinessLine,2026-02-16T15:30:55Z,,54.42,TRUE
Will secondary market SGB maturity returns now be taxed? Budget 2026 has changed the rules,Economictimes.com,2026-02-04T07:40:18Z,,73.13,TRUE
SEBI looking at reshuffling of advisory committee members,BusinessLine,2026-02-20T14:01:51Z,,89.2,TRUE
MF Tracker: Can this 3 and 5 year top performer PSU fund extend its winning streak?,Economictimes.com,2026-02-05T03:54:19Z,,89.31,TRUE
Indian market is 18 months ahead of its fair value: DSP Mutual Fund's Kalpen Parekh,Livemint,2026-02-12T05:56:14Z,,91.33,TRUE
Budget 2026: Now save TDS by submitting single form 15G/H for these securities,The Times of India,2026-02-01T11:25:32Z,,80.34,TRUE
Whiteoak Capital Flexicap Fund: Should you invest?,BusinessLine,2026-02-14T16:03:32Z,,86.87,TRUE
RBI nod for leveraged buyouts fails to evoke banker enthusiasm; mixed response to broker lending norms,Livemint,2026-02-16T00:28:49Z,,73.44,TRUE
Sebi mandates market intermediaries to disclose registration details on social media from May 1,The Times of India,2026-02-26T13:40:05Z,,90.62,TRUE
"2026 KTM 250 Duke launched in India: Prices, changes explained",The Times of India,2026-02-25T11:36:10Z,,87.72,TRUE
Budget 2026: Sitharaman backs private developers with new Infrastructure Risk Guarantee Fund,The Times of India,2026-02-01T09:11:14Z,,81.1,TRUE
"Earnings recovery to support markets in FY27; private capex, manufacturing top bets: Dikshit Mittal",The Times of India,2026-02-17T04:05:05Z,,90.65,TRUE
Sebi cautions investors against fake notices demanding STT payments,The Times of India,2026-02-26T16:26:28Z,,89.2,TRUE
SBI in talks with Japanese lenders for M&A financing,The Times of India,2026-02-21T04:50:28Z,,80.34,TRUE
"Unclaimed bank deposits of Rs 72,454 crore lying with DEA Fund: MoS Finance",The Times of India,2026-02-10T16:28:20Z,,89.03,TRUE
‘Needle hunting’ starts pricking stock investors,BusinessLine,2026-02-14T16:50:23Z,,47.36,FAKE
"D-Street does a jig! India–US trade deal lifts sentiment, but earnings to drive market returns",The Times of India,2026-02-04T01:17:52Z,,80.38,TRUE
"Worst is over for Indian markets, 2026 set for outperformance: Sandeep Tandon",The Times of India,2026-02-09T08:55:47Z,,88.59,TRUE
Dividend-yield funds have beaten flexi caps over the past decade. Should you invest in them?,Livemint,2026-02-22T01:30:15Z,,80.34,TRUE
"SEBI stalls new exchanges' entry into options market, sources say",BusinessLine,2026-02-10T08:37:03Z,,92.53,TRUE
This Indian smallcap fund beating 93% of peers bets on internet value stocks,The Times of India,2026-02-19T03:54:32Z,,92.6,TRUE
Sun Pharma: What should investors do?,BusinessLine,2026-02-14T15:48:29Z,,80.34,TRUE
"The Union Budget disappoints with surprise tax hike, investors say",Bloomberg,2026-02-02T07:37:30Z,,80.34,TRUE
Gift City IFSC: All about investing for residents and NRIs,BusinessLine,2026-02-28T16:27:05Z,,80.34,TRUE
How investors should invest in mutual funds in today's environment,Livemint,2026-02-16T01:30:11Z,,86.87,TRUE
India ETF Bucks Emerging-Market Stock Selloff On US Trade Deal,Ndtvprofit.com,2026-02-03T02:08:18Z,,47.36,FAKE
How one AI company is helping businesses navigate Trump’s new tariff chaos following the Supreme Court ruling,Fortune,2026-02-24T19:39:56Z,,76.26,TRUE
"Industry, market experts laud India-US trade deal as win-win",BusinessLine,2026-02-03T00:58:53Z,,89.26,TRUE
Nigeria’s public debt rose to N153tn in Sept 2025 – DMO,The Punch,2026-02-20T23:55:06Z,,80.34,TRUE
"CAs’ body flags hurdles in research analyst registration, seeks clarity from SEBI",BusinessLine,2026-02-27T13:58:38Z,,89.2,TRUE
Sebi chairperson flags misuse of SME framework,The Times of India,2026-02-12T00:34:33Z,,91.74,TRUE
Michael Hudson and Vijay Prashad: How Hyper-Imperialism Shapes Global Conflict,Nakedcapitalism.com,2026-02-02T14:55:21Z,,87.31,TRUE
"Silver, Gold ETFs and SEBI’s measured framework",BusinessLine,2026-02-20T13:07:29Z,,89.25,TRUE
"Tariff cut to open door wider for exports, lift rupee, fund inflows: Nirmala Sitharaman",The Times of India,2026-02-04T00:30:00Z,,90.36,TRUE
"ETMarkets Smart Talk | Financials, manufacturing and consumption to lead in 2026 as India’s structural story strengthens: Raghav Iyengar",The Times of India,2026-02-18T03:30:00Z,,80.34,TRUE
DBS Bank India targets ‘mass affluent’ customers in pivot to universal banking,Livemint,2026-02-19T09:39:05Z,,80.34,TRUE
Celebration street! Rupee takes biggest leap in 7 years; stock markets jump 2.5%,The Times of India,2026-02-04T01:08:16Z,,47.36,FAKE
Read the complete transcript of Trump’s 2026 State of the Union,Boston Herald,2026-02-25T12:06:50Z,,80.34,TRUE
Freight fright: Gaming giants Sony and Nintendo see stocks slide as shipping routes rerouted,EODHD,2026-03-02T06:22:43+00:00,,90.36,TRUE
Genentech's Fenebrutinib Confirms Its Potential as First and Only BTK Inhibitor for Relapsing and Primary Progressive MS in Third Positive Phase III Study (FENhance 1),EODHD,2026-03-02T06:10:00+00:00,,89.56,TRUE
Palo Alto Networks To Establish Secure Foundation For AI Economy Through Ecosystem Collaboration,EODHD,2026-03-02T06:05:52+00:00,,56.51,TRUE
What are expat mortgages and how high are the interest rates?,EODHD,2026-03-02T06:00:25+00:00,,88.62,TRUE
[Ad hoc announcement pursuant to Art. 53 LR] Roche's fenebrutinib confirms its potential as first and only BTK inhibitor for relapsing and primary progressive MS in third positive Phase III study (FENhance 1),EODHD,2026-03-02T06:00:00+00:00,,89.56,TRUE
Santander and Mastercard complete live payment executed by AI agent,EODHD,2026-03-02T06:00:00+00:00,,56.51,TRUE
Britain’s old-economy giants are the City’s new favourite trade,EODHD,2026-03-02T06:00:00+00:00,,89.25,TRUE
Press Release: Sanofi’s rilzabrutinib earns orphan drug designation in Japan for IgG4-related disease,EODHD,2026-03-02T06:00:00+00:00,,80.34,TRUE
"CoinEx Updates Latest Proof of Reserve, Reinforcing Its Commitment to Ensuring User Security",EODHD,2026-03-02T05:47:00+00:00,,89.48,TRUE
"India's central bank likely steps in as oil price surge hurts rupee, traders say",EODHD,2026-03-02T05:43:28+00:00,,80.34,TRUE
European Shares Poised For Big Losses Amid Geopolitical Tensions,EODHD,2026-03-02T05:42:14+00:00,,87.72,TRUE
GeoPark (GPRK) Q4 2025 Earnings Call Transcript,EODHD,2026-03-02T05:37:34+00:00,,87.59,TRUE
USD/INR refreshes monthly high as oil prices spike amid US-Iran war,EODHD,2026-03-02T05:31:17+00:00,,87.72,TRUE
 LERØY SEAFOOD GROUP ASA KAPITALMARKEDSDAG 2026: ØKT AVKASTNING DREVET AV BÆREKRAFTIG VEKST MED KOSTNADS- OG KAPITALDISIPLIN,EODHD,2026-03-02T05:30:00+00:00,,80.34,TRUE
LERØY SEAFOOD GROUP ASA CMD 2026: INCREASED RETURNS DRIVEN BY SUSTAINABLE GROWTH WITH COST AND CAPITAL DISCIPLINE,EODHD,2026-03-02T05:30:00+00:00,,77.84,TRUE
War shock: Global markets plummet as U.S.-Iran conflict escalates,EODHD,2026-03-02T05:27:45+00:00,,87.31,TRUE
Silver Price Forecast: XAG/USD declines below $94.00 amid renewed US Dollar demand,EODHD,2026-03-02T05:24:58+00:00,,87.72,TRUE
Ethereum’s Massive Slump Continues With Sixth Straight Red Month,EODHD,2026-03-02T05:24:00+00:00,,80.34,TRUE
"Can MercadoLibre Stock Get to $2,000?",EODHD,2026-03-02T05:20:00+00:00,,47.36,FAKE
EUR/USD recovers some early losses driven by rising energy prices amid US-Iran war,EODHD,2026-03-02T05:10:01+00:00,,87.72,TRUE
"GBP/JPY recovers nearly 150 pips intraday, eyes mid-210.00s amid weaker JPY",EODHD,2026-03-02T05:09:19+00:00,,87.72,TRUE
Onto Innovation Balances Record Sales With Margin Pressure And Rising Risks,EODHD,2026-03-02T05:07:06+00:00,,80.34,TRUE
Why Illumina (ILMN) Is Up 14.3% After Launching TruPath Genome And Expanding Rare-Disease Sequencing,EODHD,2026-03-02T05:06:29+00:00,,80.34,TRUE
Okeanis Eco Tankers Corp. – Ex Dividend Date,EODHD,2026-03-02T05:00:00+00:00,,80.34,TRUE
Alibaba Group Holding Ltd Investigated by the Portnoy Law Firm,EODHD,2026-03-02T05:00:00+00:00,,80.34,TRUE
U.S.–Iran Conflict Shakes Markets: TRWD Says Growth Strategy Remains Intact,EODHD,2026-03-02T05:00:00+00:00,,76.1,TRUE
"Computer Vision Image Software Market Set to Hit USD 52.49 Billion by 2035, Driven by AI-Powered Visual Intelligence and Automation | Report by SNS Insider",EODHD,2026-03-02T05:00:00+00:00,,73.14,TRUE
"Wind River Announces Strategic Collaboration with AMD, Delivering Industry’s First Unified O-RAN and AI-RAN Platform",EODHD,2026-03-02T05:00:00+00:00,,88.6,TRUE
Aptiv and Wind River Showcase Network V2X Solution for Sensor Sharing Leveraging Verizon’s Connected Driving Platform,EODHD,2026-03-02T05:00:00+00:00,,80.34,TRUE
"AWS UAE data center hit by 'objects,' power down in one availability zone",EODHD,2026-03-02T04:56:45+00:00,,80.34,TRUE
U.S. Dollar Strengthens on Liquidity Demand Amid Middle East Conflict,EODHD,2026-03-02T04:51:00+00:00,,87.72,TRUE
"Quant snapshot: Impala Platinum, Turkcell Iletisim lead strong buys as Evolus lag",EODHD,2026-03-02T04:48:16+00:00,,87.59,TRUE
Bitget Lists Fabric Protocol (ROBO) for Spot Trading,EODHD,2026-03-02T04:34:00+00:00,,37.87,FAKE
"Australian LNG stocks surge after Strait of Hormuz halt disrupts global supply; Woodside, Santos, and Inpex rally",EODHD,2026-03-02T04:32:28+00:00,,91.26,TRUE
Australian Dollar fills weekly bearish gap against retreating USD; AUD/USD retakes 0.7100,EODHD,2026-03-02T04:31:49+00:00,,80.34,TRUE
EUR/GBP steadies above 0.8750 ahead of German Retail Sales data,EODHD,2026-03-02T04:30:41+00:00,,80.34,TRUE
Indian Shares Deep In Red As US-Iran Conflict Deepens,EODHD,2026-03-02T04:25:01+00:00,,88.59,TRUE
"Lightspeed Makes a Big Bet on Self-Driving Trucks, Loading Up on 7 Million Shares of Kodiak AI (KDK)",EODHD,2026-03-02T04:23:49+00:00,,56.51,TRUE
A Look At Targa Resources (TRGP) Valuation After Strong Q4 Results And Higher Dividend Outlook,EODHD,2026-03-02T04:23:32+00:00,,92.03,TRUE
EssilorLuxottica Lawsuit Puts Tariff Refund Risks And Valuation In Focus,EODHD,2026-03-02T04:23:29+00:00,,80.34,TRUE
Comfort Systems USA Backlog And Dividend Rise After Transformative FY2025,EODHD,2026-03-02T04:23:08+00:00,,80.34,TRUE
A Look At Fresnillo’s Valuation After A Strong Recent Share Price Rally,EODHD,2026-03-02T04:22:50+00:00,,87.59,TRUE
NVIDIA’s Sovereign AI Deals And Meta Alliance Shape Valuation Debate,EODHD,2026-03-02T04:21:33+00:00,,56.51,TRUE
"Wall Street Says Forget AI Chips, and Buy AI Software Stocks Instead for 2026",EODHD,2026-03-02T04:20:00+00:00,,68.57,TRUE
"Bitget Publishes February 2026 Proof of Reserves, Maintaining 169% Total Reserve Ratio",EODHD,2026-03-02T04:11:00+00:00,,80.34,TRUE
Amazon Cloud Suffers Outage After ‘Objects’ Hit UAE Data Center,EODHD,2026-03-02T04:10:18+00:00,,80.34,TRUE
"Dow futures plunge 500+ points as U.S.-Iran conflict escalates; gold, oil rise, crypto rebounds",EODHD,2026-03-02T04:08:34+00:00,,80.34,TRUE
Chinese Automakers’ Sales Largely Fail to Gallop Into New Year,EODHD,2026-03-02T04:07:00+00:00,,89.25,TRUE
"Cloud Native Security Service Market Set to Hit USD 129.23 Billion by 2035, Driven by Rising Cloud Cyber Threats and Zero-Trust Adoption | Report by SNS Insider",EODHD,2026-03-02T04:00:00+00:00,,73.14,TRUE
USD/CAD Price Forecast: Vulnerable below 200-SMA on H4 as Oil rallies on supply concerns,EODHD,2026-03-02T03:58:13+00:00,,87.72,TRUE
Economists Gauge Hit From Mideast War as China Seen Among Losers,EODHD,2026-03-02T03:50:21+00:00,,80.34,TRUE
Bitget and Obside Partner to Launch Live AI Trading Arena for Copy Trading,EODHD,2026-03-02T03:41:00+00:00,,25.15,FAKE
Best Buy (BBY) Reports Earnings Tomorrow: What To Expect,EODHD,2026-03-02T03:31:15+00:00,,90.45,TRUE
Ampol's Proposed Acquisition Of EG Australia Moves To ACCC Phase 2 Review,EODHD,2026-03-02T03:29:07+00:00,,80.34,TRUE
AUD/JPY trades above 111.00 after paring recent losses,EODHD,2026-03-02T03:25:32+00:00,,80.34,TRUE
NZD/USD recovers early lost ground; climbs back closer to 0.6000 amid modest USD pullback,EODHD,2026-03-02T03:21:28+00:00,,87.72,TRUE
WuXi Biologics Included in S&amp;P Global Sustainability Yearbook for Fourth Consecutive Year,EODHD,2026-03-02T03:21:00+00:00,,87.31,TRUE
"Bitcoin at $150,000 by 2026? Prediction Markets Are Skeptical -- Long-Term Investors Should Pay Attention to the Odds.",EODHD,2026-03-02T03:20:00+00:00,,80.34,TRUE
Australian Market Maintains Early Losses In Mid-market,EODHD,2026-03-02T03:15:31+00:00,,87.31,TRUE
Chow Tai Fook Jewellery Appoints David Tse as Global Creative Director,EODHD,2026-03-02T03:15:00+00:00,,87.31,TRUE
Alphabet’s Mapping Breakthrough And Clean Energy Push Reshape Growth Prospects,EODHD,2026-03-02T03:14:43+00:00,,93.65,TRUE
Assessing HSBC (LSE:HSBA) Valuation As Share Price Momentum Meets Conflicting Fair Value Estimates,EODHD,2026-03-02T03:14:21+00:00,,80.34,TRUE
Is Owens Corning (OC) Pricing In Too Much Pessimism After Recent Share Price Weakness,EODHD,2026-03-02T03:14:08+00:00,,80.34,TRUE
Reassessing Automatic Data Processing (ADP) After A 30% One-Year Share Price Slide,EODHD,2026-03-02T03:13:18+00:00,,80.34,TRUE
Intuit Anthropic AI Pact Tests Growth Story For Mid Market Investors,EODHD,2026-03-02T03:12:55+00:00,,84.74,TRUE
Is It Time To Reassess Home Depot (HD) After Recent Share Price Strength?,EODHD,2026-03-02T03:12:29+00:00,,80.34,TRUE
Viking (VIK) Q4 Earnings Report Preview: What To Look For,EODHD,2026-03-02T03:01:15+00:00,,87.59,TRUE
Stephen Pearce Assumes Role As South32 Chair Following Karen Wood's Retirement,EODHD,2026-03-02T03:00:29+00:00,,80.34,TRUE
Agoda Revealed Thailand's Popular Valentine's Day Destinations,EODHD,2026-03-02T03:00:00+00:00,,80.34,TRUE
SynaXG Proves the Art of the Possible with Fully Software-Defined AI-RAN on NVIDIA AI Aerial,EODHD,2026-03-02T03:00:00+00:00,,56.51,TRUE
"Red Hat and Telenor AI Factory Bring Scale, Sovereignty and Control to Production AI",EODHD,2026-03-02T03:00:00+00:00,,56.51,TRUE
Mitsui Garden Hotel Sapporo Reopens Following Comprehensive Transformation,EODHD,2026-03-02T03:00:00+00:00,,80.34,TRUE
Red Hat Drives Telefónica Spain’s Network and IT Transformation with Red Hat OpenShift as its Common Platform,EODHD,2026-03-02T03:00:00+00:00,,80.34,TRUE
Think You Can Ignore Your RMDs? Here's How That Mistake Could Cost You Thousands.,EODHD,2026-03-02T02:56:00+00:00,,80.34,TRUE
How Will Stocks React to the U.S. Attack on Iran?,EODHD,2026-03-02T02:50:31+00:00,,90.36,TRUE
EUR/JPY declines below 184.50 as geopolitical risks boost Japanese Yen,EODHD,2026-03-02T02:50:26+00:00,,80.34,TRUE
"Rupee to fall past 91 as Iran war puts oil on the boil, saps risk appetite",EODHD,2026-03-02T02:42:48+00:00,,51.46,TRUE
Indian Shares Set To Tumble As Oil Prices Spike Amid West Asia Tensions,EODHD,2026-03-02T02:40:33+00:00,,90.53,TRUE
QuidelOrtho Corp Director Purchases 10k Shares as CFO Retires,EODHD,2026-03-02T02:38:48+00:00,,80.34,TRUE
"Euro sags, dollar gains as Iran war lifts energy prices",EODHD,2026-03-02T02:28:02+00:00,,80.34,TRUE
Lenovo Unveils Adaptive AI Devices And Lenovo Qira,EODHD,2026-03-02T02:26:53+00:00,,56.51,TRUE
XRP Plunges 26% As Crypto Market Faces Fresh Headwinds,EODHD,2026-03-02T02:20:00+00:00,,87.31,TRUE
"Crude soars, stocks drop after US strikes on Iran",EODHD,2026-03-02T02:12:48+00:00,,90.36,TRUE
Is Las Vegas Sands (LVS) Fairly Priced After Mixed Returns And Conflicting Valuation Signals,EODHD,2026-03-02T02:12:32+00:00,,73.16,TRUE
Assessing GE HealthCare Technologies (GEHC) Valuation After Recent Share Price Momentum,EODHD,2026-03-02T02:11:09+00:00,,80.34,TRUE
Cleveland Cliffs Board Shifts Oversight As Shares Flagged Undervalued,EODHD,2026-03-02T02:10:53+00:00,,80.34,TRUE
A Look At Universal Health Services (UHS) Valuation After A Strong 2025 Earnings Report And Guidance,EODHD,2026-03-02T02:10:28+00:00,,89.84,TRUE
Has Dollar Tree (DLTR) Run Too Far After A 74% One Year Share Price Jump?,EODHD,2026-03-02T02:10:27+00:00,,80.34,TRUE
Is Accor (ENXTPA:AC) Pricing In Travel Demand Strength Or Leaving Upside On The Table?,EODHD,2026-03-02T02:09:58+00:00,,80.34,TRUE
Forvia Halts 2026 Dividend As Deleveraging Takes Priority Over Payouts,EODHD,2026-03-02T02:09:25+00:00,,80.34,TRUE
InnoCare’s next-generation TRKi Zurletrectinib Receives Priority Review for the Treatment of Pediatric Patients with Solid Tumors in China,EODHD,2026-03-02T02:03:00+00:00,,80.34,TRUE
Thai Stock Market May Extend Friday's Losses,EODHD,2026-03-02T02:01:20+00:00,,71.49,TRUE
GBP/USD Price Forecast: Targets 1.3500 barrier near moving averages,EODHD,2026-03-02T01:59:40+00:00,,80.34,TRUE
Oil Prices Soar Amid Escalating Middle East Conflict,EODHD,2026-03-02T01:58:35+00:00,,87.72,TRUE
2 Millionaire-Maker Artificial Intelligence (AI) Stocks,EODHD,2026-03-02T01:50:00+00:00,,77.2,TRUE
"Dow Jones Futures Off Lows, Oil Prices Jump Amid U.S.-Iran Attacks",EODHD,2026-03-02T01:37:44+00:00,,87.72,TRUE
Indonesia Bourse Tipped To Remain Rangebound,EODHD,2026-03-02T01:31:19+00:00,,80.34,TRUE
Makler Service AG Launches Real Estate Talk Arabia,EODHD,2026-03-02T01:31:00+00:00,,80.34,TRUE
Century Aluminum EVP Sells $2.3M Worth of Shares,EODHD,2026-03-02T01:27:06+00:00,,80.34,TRUE
Anthropic’s Claude tops App Store charts as backlash builds against OpenAI’s ChatGPT,Finnhub,1772415120,,80.34,TRUE
How to think about everything presumably wrong with stocks and what to do about it,Finnhub,1772407242,,90.36,TRUE
Prediction-market bets tied to Iran conflict stoke backlash over suspicions of insider trading,Finnhub,1772397060,,29.87,FAKE
Here’s where traders expect crude-oil prices to open after this weekend’s attack on Iran,Finnhub,1772392620,,80.34,TRUE
U.S. crude oil set to top $70 a barrel when trading begins on fears of Iran supply disruption,Finnhub,1772389726,,37.87,FAKE
The whole world is watching this critical energy chokepoint as Iran conflict enters more dangerous phase,Finnhub,1772389080,,80.34,TRUE
Stocks face Iran jitters and a crucial jobs report in the week ahead as AI layoffs loom large,Finnhub,1772384400,,77.2,TRUE
Here are the 5 big things we're watching in the stock market this week,Finnhub,1772379864,,71.49,TRUE
"Has the retail industry rebounded? We’ll find out this week from Target, Costco, Best Buy and others’ earnings",Finnhub,1772377200,,89.42,TRUE
"As investors wait for crude-oil trading to reopen amid Iran conflict, shares of the world’s biggest producer are climbing",Finnhub,1772373780,,67.98,TRUE
A big AI worry? It will destroy old jobs faster than it creates new ones. The only thing lacking is proof.,Finnhub,1772373600,,76.26,TRUE
$100 oil? Prolonged Hormuz closure could spark a 1970s-style energy shock,Finnhub,1772362672,,80.34,TRUE
Here’s how much you could pay for a gallon of gas by May because of the attacks on Iran,Finnhub,1772355840,,80.34,TRUE
Iran strikes disrupt thousands of flights; Dubai Airport damaged,Finnhub,1772338387,,80.34,TRUE
Drone warfare could mean investors need a new guidebook for this Iran conflict,Finnhub,1772317860,,89.25,TRUE
Middle Eastern airports are crossroads of the world. Here’s how the U.S.-Israel attack on Iran will sow chaos on air travel.,Finnhub,1772308200,,80.34,TRUE
Iran conflict raises talk of a return to $100-a-barrel oil,Finnhub,1772307540,,80.34,TRUE
Stanley Druckenmiller says this is how he’d build a portfolio from scratch right now,Finnhub,1772293080,,80.34,TRUE
"This could be Nvidia’s next big move, with the stock in search of a positive catalyst",Finnhub,1772292240,,47.36,FAKE
Berkshire Hathaway shrinks cash pile in Buffett’s last act as CEO. Here’s how successor Greg Abel is now looking to spend.,Finnhub,1772290920,,80.34,TRUE
"Worried about the job market or stuck in a toxic workplace? These 2 movies can feel like 'catharsis,' workplace psychologist says",Finnhub,1772288101,,87.31,TRUE
‘Can’t sell house’ searches are higher now than during the 2008 housing crisis,Finnhub,1772287200,,80.34,TRUE
"With free storage at max from Google to Shutterfly to Snap, the price for your memories is rising",Finnhub,1772285401,,80.34,TRUE
"The week, FOBO — ‘fear of becoming obsolete’ because of AI — became real for workers and markets",Finnhub,1772285400,,56.51,TRUE
NASA is sending its first Black and first female astronauts to the moon,Finnhub,1772283601,,80.34,TRUE
My boss told me to dress better. Now I feel uncomfortable. He is a white man and I am a Black woman.,Finnhub,1772283600,,80.34,TRUE
Can China just steal America’s AI brain that’s costing trillions to develop?,Finnhub,1772283600,,56.51,TRUE
‘I dread the snow’: My heating and air conditioning always breaks down. Do I spend $15K on a new one?,Finnhub,1772282700,,89.25,TRUE
These fintech stocks are loved by analysts and could bounce back in a big way,Finnhub,1772281800,,90.36,TRUE
Any chance the Fed cuts rates this year is ‘evaporating before our very eyes’ as Iran tensions raise oil prices,Finnhub,1772280000,,80.34,TRUE
Iran strikes will likely boost defense stocks — but here’s what will keep the cash flowing long after the conflict ends,Finnhub,1772273520,,90.36,TRUE
Trump says ‘massive’ strike against Iran underway — bitcoin plunge offers a glimpse of how markets could react,Finnhub,1772269020,,80.34,TRUE
Bharat Biotech is said to mull $500 million IPO,Finnhub,1772254219,,80.34,TRUE
OpenAI gives Pentagon access to models after Anthropic dustup,Finnhub,1772254110,,80.34,TRUE
"NASA shakes up moon mission with more tests, scrapped upgrade",Finnhub,1772252735,,80.34,TRUE
JPMorgan warns up to $150 billion of loans in CLOs face AI risk,Finnhub,1772251230,,41.35,FAKE
Private-credit ‘cockroaches’ and the AI ‘scare trade’ hammered stocks in February. Here’s what else has investors shaken up.,Finnhub,1772235000,,77.2,TRUE
"Here’s what’s worth streaming in March 2026 on Netflix, Hulu, HBO Max and more",Finnhub,1772232660,,80.34,TRUE
Trump warns‘sometimes you have to’ use force on Friday. Oil markets now see high odds of a U.S. strike on Iran.,Finnhub,1772231880,,80.34,TRUE
"Trump blacklists Anthropic, opening the door to Elon Musk and xAI",Finnhub,1772230260,,80.34,TRUE
The real winner in the battle for Warner Bros. isn’t who you think it is,Finnhub,1772224620,,80.34,TRUE
"Palantir’s stock nabs another upgrade, with its valuation now less of a ‘struggle’",Finnhub,1772224620,,47.36,FAKE
The bond market has been doing something strange despite a hot inflation report,Finnhub,1772223300,,89.74,TRUE
Software stocks fall as Block’s big job cuts stoke further AI fears,Finnhub,1772222100,,77.2,TRUE
"Her accountant went to prison. Now the IRS is coming after her for $328,000.",Finnhub,1772221560,,80.34,TRUE
Nvidia's stock wrapping up tough week as Wall Street focuses more on competition than growth,Finnhub,1772221359,,76.1,TRUE
"United’s stock and other airline shares get a reality check from rising oil prices, market jitters",Finnhub,1772218980,,71.49,TRUE
10-year yield falls below 4% on stagflation risk following hot producer prices reading,Finnhub,1772217575,,51.46,TRUE
Medicare will run out of money 12 years earlier than expected,Finnhub,1772216160,,80.34,TRUE
Did Paramount overpay and Netflix get away scot-free? Taking stock of the Warner Bros. deal.,Finnhub,1772215200,,47.36,FAKE
"Boomers waste money, too. These are the spending traps tripping up the richest generation.",Finnhub,1772212860,,80.34,TRUE
Most banks fail miserably at helping grieving families make this vital financial move,Finnhub,1772212380,,77.08,TRUE
"Bill Clinton on Jeffrey Epstein: 'I saw nothing, and I did nothing wrong'",Finnhub,1772211577,,80.34,TRUE
February’s ‘panic’ rotation in stocks sets the stage for more tumult in March,Finnhub,1772209500,,90.36,TRUE
Here's what drove big moves in our top and bottom stocks over the past month,Finnhub,1772209481,,90.36,TRUE
"I’m turning 50 this year and want to walk away from my $200,000 job. Should I do it?",Finnhub,1772209260,,54.42,TRUE
"Block says AI will let it cut more than 4,000 jobs. Some argue that’s not the whole story.",Finnhub,1772207640,,56.51,TRUE
"Amazon, Nvidia and Softbank pour $110 billion into OpenAI — raising the stakes for AI monetization",Finnhub,1772205180,,56.51,TRUE
"Jump in oil prices may reflect worry about Iran delays on nuclear deal, analyst says",Finnhub,1772204820,,80.34,TRUE
I told my boss I need an ADHD coach and his response was unhelpful. Can we fix our working relationship?,Finnhub,1772204580,,80.34,TRUE
"Gen Z is embracing the prenup, says family law attorney: ‘The taboo of divorces is long gone’",Finnhub,1772200801,,80.34,TRUE
Jim Cramer's top 10 things to watch in the stock market Friday,Finnhub,1772199949,,71.49,TRUE
Wholesale prices rise sharply and point to persistent inflation,Finnhub,1772199480,,87.72,TRUE
FanDuel parent’s stock tumbles as the house just can’t seem to win for its investors,Finnhub,1772199060,,47.36,FAKE
"Beware of banks breaking bad, warns top B. of A. strategist. He casts a wary eye on bank-loan ETFs.",Finnhub,1772196660,,77.08,TRUE
Nine out of 10 bets this fund manager made outperformed over the past year. Here’s his next two plays.,Finnhub,1772192760,,86.87,TRUE
Indonesia hits pause on Prabowo’s mega order of Indian trucks,Finnhub,1772191500,,88.59,TRUE
Howard Marks makes 180 degree turn on AI after Claude tutorial. Here’s how he suggests investors approach it.,Finnhub,1772188320,,56.51,TRUE
‘My sister and I are his only family’: My brother is paranoid and forgot he sold his house. What can I do?,Finnhub,1772187300,,80.34,TRUE
KISS rocker Gene Simmons lowers price of Beverly Hills home to $12.5 million after months on the market,Finnhub,1772186640,,87.31,TRUE
BASF announces job cuts amid cost-saving strategy and new India hub,Finnhub,1772183943,,85.34,TRUE
"Ex-RBI Governor Raghuram Rajan says AI to disrupt, but not derail, India’s services sector",Finnhub,1772180294,,77.34,TRUE
India’s growth may outpace current estimates after data overhaul,Finnhub,1772165175,,93.65,TRUE
Global funds return to India as earnings outlook improves,Finnhub,1772163291,,92.71,TRUE
"Yes, consumers in China are consuming again. It’s just not their No. 1 priority these days.",Finnhub,1772157600,,80.34,TRUE
Duolingo is making some changes to contend with the threat of AI. Its stock is sinking.,Finnhub,1772149740,,57.83,TRUE
"Sweetgreen’s disappointing sales offer a reality check for restaurants, after Cava’s rally",Finnhub,1772148840,,80.34,TRUE
Is it OK to wear pajamas on your next flight? A viral post sparks debate.,Finnhub,1772148060,,80.34,TRUE
"Dell’s stock soars, as record earnings signal the company is managing memory shortages well",Finnhub,1772147700,,71.05,TRUE
"Tech earnings, silver’s rebound and a Cathie Wood ETF offer a high-stakes pivot for investors",Finnhub,1772146500,,87.59,TRUE
Warner Bros. Discovery deems Paramount’s bid ‘superior’ — putting Netflix in the hot seat,Finnhub,1772144580,,80.34,TRUE
Why the S&P 500 was doomed to fall when Nvidia plunged after its earnings,Finnhub,1772144040,,87.59,TRUE
"U.S.-Iran nuclear talks end, but with hope that negotiations continue. That still leaves the oil market in limbo.",Finnhub,1772142960,,87.31,TRUE
CoreWeave’s stock drops as losses swell and interest expenses climb,Finnhub,1772142900,,72.62,TRUE
Rocket Lab’s stock slides as yet another rocket delay overshadows ‘record year’,Finnhub,1772142720,,47.36,FAKE
FanDuel parent Flutter reports disappointing fourth-quarter earnings,Finnhub,1772140427,,90.45,TRUE
Block plans to lay off nearly half its staff in ‘deliberate and bold’ embrace of AI,Finnhub,1772140380,,56.51,TRUE
Why Corning's near record stock price and historically expensive valuation are worth it,Finnhub,1772137748,,47.36,FAKE
Nvidia takes the market lower — but one area of beaten-up tech moves higher,Finnhub,1772135621,,87.31,TRUE
Yields in a crucial part of the Treasury market keep falling — and it may have something to do with AI,Finnhub,1772134440,,74.62,TRUE
"Musk, Altman and China are fighting to control a potential $320 billion market for brain implants",Finnhub,1772133660,,87.31,TRUE
Software stocks bounce as Nvidia shares falter. Is a new rotation trade in store?,Finnhub,1772132040,,92.37,TRUE
We're exiting an inconsistent stock to free up space for better prospects ahead,Finnhub,1772131410,,47.36,FAKE
"EBay to cut 800 jobs, joining other tech names in announcing layoffs as AI reshapes workforces",Finnhub,1772129340,,56.51,TRUE
"Mortgage rates fall below 6%, giving buyers a glimpse of affordability",Finnhub,1772129340,,80.34,TRUE
Jim Cramer says this unfairly punished stock is worth buying for new investors,Finnhub,1772127235,,73.15,TRUE
Small investors buy Nvidia in record numbers after Thursday's open,Finnhub,1772126066,,80.34,TRUE
"Google launches Nano Banana 2, updating its viral AI image generator",Finnhub,1772124989,,56.51,TRUE
Columbia University says DHS detained student after making 'misrepresentations',Finnhub,1772124188,,80.34,TRUE
Have a parent over 65? Get ready to join the caregiving crisis.,Finnhub,1772124180,,80.34,TRUE
"UAE stock markets close, trading halted by Abu Dhabi Securities Exchange and the Dubai Financial Market f - The Times of India",Google News,"Sun, 01 Mar 2026 21:34:00 GMT",,52.36,TRUE
The New York Stock Exchange | NYSE - NYSE,Google News,"Fri, 27 Feb 2026 22:00:00 GMT",,73.15,TRUE
India Is Undergoing an Unprecedented IPO Boom - International Banker,Google News,"Mon, 19 Jan 2026 08:00:00 GMT",,80.34,TRUE
Q3 roundup: India earnings stabilise; brokerages expect stronger 2026 for equities - Reuters,Google News,"Mon, 16 Feb 2026 08:00:00 GMT",,87.59,TRUE
"Laxmi India Finance Shares Make Weak Debut on Stock Market, List at 12.96% Discount - Groww",Google News,"Mon, 04 Aug 2025 07:00:00 GMT",,79.05,TRUE
Amazon India slashes seller referral fees in retail growth push - Yahoo Finance,Google News,"Sun, 01 Mar 2026 20:31:49 GMT",,92.69,TRUE
Coral India Finance & Housing Ltd Falls to 52-Week Low of Rs.33.31 - Markets Mojo,Google News,"Wed, 25 Feb 2026 05:42:18 GMT",,86.94,TRUE
Jio Financial launches online marketplace for financial products - Mint,Google News,"Fri, 27 Feb 2026 12:16:17 GMT",,80.34,TRUE
MSCI Rejig: India likely to see net outflow but these stocks set for inflows as well - CNBC TV18,Google News,"Fri, 27 Feb 2026 06:44:49 GMT",,92.3,TRUE
10 stocks with up to 115% upside – Top brokerage Buys this week - The Financial Express,Google News,"Sat, 28 Feb 2026 04:44:31 GMT",,90.36,TRUE
Union Budget 2026: Sector-Wise Impact on the Stock Market and Mutual Funds - ClearTax,Google News,"Tue, 03 Feb 2026 08:00:00 GMT",,78.74,TRUE
"US, Israel strike Iran: What do rising Middle East tensions mean for Indian stock markets next week? Here - The Times of India",Google News,"Sat, 28 Feb 2026 10:49:00 GMT",,72.26,TRUE
The role of regulatory bodies in India's financial sector: Wha... - Invest India,Google News,"Thu, 12 Jun 2025 07:00:00 GMT",,92.7,TRUE
Capital India Finance Ltd is Rated Strong Sell - Markets Mojo,Google News,"Thu, 26 Feb 2026 05:39:05 GMT",,89.45,TRUE
"Indian shares sink on budget day as derivatives tax hike, lack of foreign flow measures weigh - Reuters",Google News,"Sun, 01 Feb 2026 08:00:00 GMT",,91.32,TRUE
"Top 15 Books on Investment, Trading and Stock Market - Groww",Google News,"Sun, 07 Sep 2025 07:00:00 GMT",,68.71,TRUE
Coral India Finance & Housing Ltd Falls to 52-Week Low of Rs.33.4 - Markets Mojo,Google News,"Tue, 24 Feb 2026 05:40:52 GMT",,86.94,TRUE
"Stock market today: Nifty50 settles 48 points up at 25,776; Sensex ends at 83,817.69 - The Times of India",Google News,"Wed, 04 Feb 2026 08:00:00 GMT",,84.65,TRUE
Stock market volatility: Why you need a financial planner - The Times of India,Google News,"Mon, 16 Feb 2026 08:00:00 GMT",,83.71,TRUE
Coral India Finance & Housing Ltd Falls to 52-Week Low of Rs.33.74 - Markets Mojo,Google News,"Mon, 23 Feb 2026 12:07:58 GMT",,86.94,TRUE
Top Small Finance Bank Stocks in India 2025 - Groww,Google News,"Fri, 09 Jan 2026 08:00:00 GMT",,91.08,TRUE
"CNBC's Inside India newsletter: Peaked, paused, and poised? India’s market reboot at half-time - CNBC",Google News,"Thu, 03 Jul 2025 07:00:00 GMT",,87.31,TRUE
Indian stock market history: How the SIP became popular and democratised finance - Scroll.in,Google News,"Wed, 29 Oct 2025 07:00:00 GMT",,84.05,TRUE
Stock market starts 2026 on positive note; Sensex climbs over 200 points - The Hindu,Google News,"Thu, 01 Jan 2026 08:00:00 GMT",,79.92,TRUE
Can China’s stock market ever deliver like India’s? - Finshots,Google News,"Thu, 21 Aug 2025 07:00:00 GMT",,71.49,TRUE
US Federal Reserve cuts rate: What does it mean for Indian stock markets? Explained - The Times of India,Google News,"Thu, 11 Dec 2025 08:00:00 GMT",,81.1,TRUE
Tips for NRIs to Invest in the Indian Stock Market - India Infoline,Google News,"Tue, 16 Dec 2025 08:00:00 GMT",,80.19,TRUE
Stock markets rally for second day; Sensex jumps 487 points on optimism over India-EU FTA - The Hindu,Google News,"Wed, 28 Jan 2026 08:00:00 GMT",,72.32,TRUE
"Stocks To Watch, February 2: Biocon, Bharat Dynamics, HAL, Waaree Energies, Ather Energy, Anant Raj, IT stocks, Infra, railways - Upstox",Google News,"Sun, 01 Feb 2026 08:00:00 GMT",,90.36,TRUE
Laxmi India Finance share price: Stock lists at 13% discount; here's how much investors lost per lot - Upstox,Google News,"Mon, 04 Aug 2025 07:00:00 GMT",,70.78,TRUE
Laxmi India Finance Share Price Falls 13% On Listing Day | NSE & BSE Updates - Samco,Google News,"Tue, 05 Aug 2025 07:00:00 GMT",,90.55,TRUE
How AI Is Quietly Transforming Indian Securities Markets - From Trading Floors to Your Investing App - Groww,Google News,"Tue, 14 Oct 2025 07:00:00 GMT",,56.75,TRUE
How Will Perplexity Finance Transform Indian Stock Markets? - Analytics India Magazine,Google News,"Wed, 13 Aug 2025 07:00:00 GMT",,79.79,TRUE
"Indian Stock Market News, Equity Market and Sensex Today in India - Equitymaster",Google News,"Thu, 18 Dec 2025 08:00:00 GMT",,86.18,TRUE
Why Laxmi India Finance Share Price is Falling - Equitymaster,Google News,"Thu, 14 Aug 2025 07:00:00 GMT",,86.94,TRUE
Capital India Finance Outperforms Sector Amid Broader Market Decline - Markets Mojo,Google News,"Fri, 19 Sep 2025 05:30:48 GMT",,93.19,TRUE
"Stock market crash: IRCTC, Patanjali Foods, Kaynes Technology among 682 stocks that hit 52-week low on NSE - Upstox",Google News,"Tue, 20 Jan 2026 08:00:00 GMT",,81.49,TRUE
"Laxmi India Finance share price gains after poor listing, still trades below IPO price. What should investors do? - Mint",Google News,"Tue, 05 Aug 2025 07:00:00 GMT",,86.94,TRUE
"Laxmi India Finance Reports Robust Growth Amid Challenges: AUM Surges 24.75%, IPO Raises ₹151.58 Crores - scanx.trade",Google News,"Sun, 23 Nov 2025 08:00:00 GMT",,94.27,TRUE
"Top movers on Indian stock market today 23rd Dec: Sensex dips after 2-day rally, IT stocks drag, Coal India, Shriram Finance lead gainers - BusinessLine",Google News,"Tue, 23 Dec 2025 08:00:00 GMT",,89.85,TRUE
Best PSU Stocks in India 2025 - Groww,Google News,"Thu, 04 Dec 2025 08:00:00 GMT",,91.31,TRUE
"Stocks To Watch, February 3: Gokaldas Exports, Pearl Global, Infosys, TCS, LTIMindtree, Tata Motors, Indus Towers, Bajaj Finance, Paradeep Phosphates - Upstox",Google News,"Mon, 02 Feb 2026 08:00:00 GMT",,92.07,TRUE
Your Guide to High-Paying Jobs in Stock Market - Jaro Education,Google News,"Wed, 27 Aug 2025 07:00:00 GMT",,71.49,TRUE
"Top stocks to buy today: Stock market recommendations for July 8, 2025 - check list - The Times of India",Google News,"Tue, 08 Jul 2025 07:00:00 GMT",,81.49,TRUE
Ahead of Market: 10 things to watch for stock market action on Monday - The Economic Times,Google News,"Sun, 11 Jan 2026 08:00:00 GMT",,83.8,TRUE
Coral India Finance & Housing Ltd is Rated Strong Sell - Markets Mojo,Google News,"Sun, 08 Feb 2026 08:55:30 GMT",,89.45,TRUE
"Budget 2026 tax expectations of stock market investors: STT, Capital Gain relief and more - Upstox",Google News,"Tue, 27 Jan 2026 08:00:00 GMT",,71.49,TRUE
‘Sinister scheme’: India ban threatens Jane Street’s money machine - Financial Times,Google News,"Wed, 09 Jul 2025 07:00:00 GMT",,80.34,TRUE
Coral India Finance & Housing Ltd Falls to 52-Week Low Amidst Continued Downtrend - Markets Mojo,Google News,"Fri, 06 Feb 2026 08:00:00 GMT",,86.94,TRUE
"Stocks to Watch, October 16: L&T Finance, BEL, Nestle, Eternal, Infosys, LTIMindtree, Wipro, Jio Finance, Axis Bank, KEC Int'l - Upstox",Google News,"Wed, 15 Oct 2025 07:00:00 GMT",,89.93,TRUE
"Perplexity Finance widens India coverage with live stock market data from BSE, NSE - Moneycontrol.com",Google News,"Wed, 13 Aug 2025 07:00:00 GMT",,79.05,TRUE
"Budget 2026: Is the Indian stock market open for trading on Sunday, Feb 1? - Business Standard",Google News,"Sun, 01 Feb 2026 08:00:00 GMT",,66.0,TRUE
Capital India Finance Limited Lists on National Stock Exchange (NSE) - Elets BFSI,Google News,"Fri, 25 Apr 2025 07:00:00 GMT",,70.78,TRUE
"What is the Future of the Indian Stock Market? Expert Insights, Trends & Predictions for 2025 & Beyond - Samco",Google News,"Sun, 31 Aug 2025 07:00:00 GMT",,85.2,TRUE
Laxmi India Finance share price lists at 14% discount to issue price at ₹136 on BSE - Mint,Google News,"Tue, 05 Aug 2025 07:00:00 GMT",,86.94,TRUE
"Share Market Highlights 17 November 2025: Financials, mid-caps lift markets; Sensex up 0.46%, Nifty up 0.4% - BusinessLine",Google News,"Mon, 17 Nov 2025 08:00:00 GMT",,91.6,TRUE
Jane Street’s $5 Billion Derivatives Scam Rocks SEBI - Frontline Magazine,Google News,"Fri, 18 Jul 2025 07:00:00 GMT",,89.2,TRUE
Best Gold Stocks in India 2025 - Groww,Google News,"Sun, 16 Nov 2025 08:00:00 GMT",,90.36,TRUE
PTC India Financial share skyrockets 15% on healthy Q2 results; details - Business Standard,Google News,"Fri, 24 Oct 2025 07:00:00 GMT",,80.34,TRUE
"Why stock market fell today? Sensex crashes over 610 points, Nifty below 26,000 ahead of Fed meet. 5 Key f - The Economic Times",Google News,"Mon, 08 Dec 2025 08:00:00 GMT",,87.86,TRUE
Is Jio Finance Share a Smart Long-Term Investment? - getmoneyrich,Google News,"Fri, 05 Sep 2025 07:00:00 GMT",,92.22,TRUE
Jane Street challenges Indian regulator’s market manipulation claims - Financial Times,Google News,"Wed, 03 Sep 2025 07:00:00 GMT",,90.26,TRUE
Why Bajaj Finance Share Price is Falling - Equitymaster,Google News,"Tue, 11 Nov 2025 08:00:00 GMT",,86.94,TRUE
Dear Madam Finance Minister: Release the Choke Hold Over India's Stock Markets - BW Businessworld,Google News,"Mon, 12 Jan 2026 08:00:00 GMT",,70.78,TRUE
PTC India Financial Services Shares Surge 15% on Robust Q1 Performance - scanx.trade,Google News,"Fri, 24 Oct 2025 07:00:00 GMT",,80.34,TRUE
Top 10 Traders in India - Groww,Google News,"Mon, 10 Nov 2025 08:00:00 GMT",,80.34,TRUE
"Stocks to buy for 2026: Shriram Finance, Engineers India among 5 stocks that could give 20-40% return in 1 year - The Economic Times",Google News,"Thu, 01 Jan 2026 08:00:00 GMT",,92.87,TRUE
"Sensex Today Trades Higher | Nifty Above 25,900 | Bajaj Finance & ITC Top Gainers - Equitymaster",Google News,"Fri, 31 Oct 2025 07:00:00 GMT",,91.46,TRUE
Capital India Finance Ltd Hits Intraday High with 10.07% Surge on 14 Jan 2026 - Markets Mojo,Google News,"Wed, 14 Jan 2026 08:00:00 GMT",,86.94,TRUE
Capital India Finance: Analytical Review Highlights Key Shifts in Market and Financial Metrics - Markets Mojo,Google News,"Tue, 23 Dec 2025 08:00:00 GMT",,89.29,TRUE
Laxmi India Finance slides on debut - Business Standard,Google News,"Tue, 05 Aug 2025 07:00:00 GMT",,86.94,TRUE
Is India ‘In An Epic Bubble’? 6 Market Gurus List 2026 Forecast You Can’t Ignore - The Financial Express,Google News,"Tue, 30 Dec 2025 08:00:00 GMT",,87.31,TRUE
"India bars Jane Street from its securities market, citing manipulation of stock indexes - Reuters",Google News,"Fri, 04 Jul 2025 07:00:00 GMT",,71.49,TRUE
India’s Financial Markets Enter 2026 With Renewed Confidence - Ommcom News,Google News,"Fri, 28 Nov 2025 08:00:00 GMT",,80.34,TRUE
"Nifty, Sensex: India middle-class jitters amid stock market rout - BBC",Google News,"Wed, 05 Mar 2025 08:00:00 GMT",,87.22,TRUE
Capital India Finance Allots 13.48 Lakh ESOP Shares - scanx.trade,Google News,"Sat, 27 Dec 2025 08:00:00 GMT",,86.94,TRUE
Laxmi India finance's shares debut with 14% discount - BusinessLine,Google News,"Tue, 05 Aug 2025 07:00:00 GMT",,80.34,TRUE
"Laxmi India Finance IPO booked 22% so far on day 1: Check price band, lot size, key dates, and more - Upstox",Google News,"Tue, 29 Jul 2025 07:00:00 GMT",,86.94,TRUE
"Laxmi India Finance Reports Strong Q2 Results, Amends Employee Stock Option Scheme - scanx.trade",Google News,"Fri, 14 Nov 2025 08:00:00 GMT",,83.79,TRUE
Waterstones and Barnes & Noble owner looks to list booksellers on stock market,The Guardian,2025-12-18T09:32:11Z,,71.49,TRUE
OpenAI thought to be preparing for $1tn stock market float ,The Guardian,2025-10-30T18:22:08Z,,71.49,TRUE
Cyber-attack and yacht insurer agrees £8bn deal in latest UK stock market exit,The Guardian,2026-02-04T14:55:59Z,,71.49,TRUE
Nvidia becomes world’s first $5tn company amid stock market and AI boom,The Guardian,2025-10-29T16:25:07Z,,69.18,TRUE
FTSE 100 posts best day in six months as stock market rally continues – as it happened,The Guardian,2026-01-06T17:09:50Z,,71.49,TRUE
‘Kids can’t buy them anywhere’: how Pokémon cards became a stock market for millennials,The Guardian,2025-12-08T10:00:37Z,,71.49,TRUE
"Cutting cash Isa limit will not boost stock market, MPs warn Rachel Reeves",The Guardian,2025-10-24T23:01:17Z,,71.49,TRUE
Head of largest US bank warns of risk of American stock market crash,The Guardian,2025-10-09T11:30:04Z,,57.11,TRUE
London Stock Exchange considers 24-hour trading to stimulate market,The Guardian,2025-07-21T11:25:40Z,,52.36,TRUE
"As London stock market listings show signs of life, Reeves must add momentum | Nils Pratley",The Guardian,2025-10-06T16:51:18Z,,71.49,TRUE
FTSE 100 in biggest drop since April as stock market sell-off continues – as it happened,The Guardian,2025-11-18T16:54:35Z,,71.49,TRUE
Stock markets stumble as global trade faces more Trump tariff uncertainty,The Guardian,2026-02-23T17:35:36Z,,71.49,TRUE
AstraZeneca boss ‘wants to shift stock market listing to US’,The Guardian,2025-07-01T17:30:06Z,,71.49,TRUE
AI-resistant ‘halo’ stocks drive UK and EU markets to record highs,The Guardian,2026-03-01T07:00:36Z,,90.36,TRUE
London stock market boost as beauty group lists and tinned fish brand confirms IPO plan,The Guardian,2025-10-03T16:51:31Z,,80.79,TRUE
Miner Glencore decides against moving stock market listing from London to US,The Guardian,2025-08-06T08:27:41Z,,71.49,TRUE
Why does Asda terrify stock market investors? | Nils Pratley,The Guardian,2025-03-19T17:43:45Z,,71.49,TRUE
Is the AI bubble about to burst – and send the stock market into freefall? | Phillip Inman,The Guardian,2025-08-23T15:00:05Z,,59.09,TRUE
Stock markets rise to record highs and Apple touches $4tn market value for first time – as it happened,The Guardian,2025-10-28T14:56:49Z,,71.49,TRUE
World stock markets brace for turbulence after Trump’s latest tariff shock,The Guardian,2026-01-18T13:04:12Z,,47.36,FAKE
Private finance plans for NHS buildings | Letters ,The Guardian,2025-11-23T17:06:35Z,,86.94,TRUE
"Global financial system vulnerable to shocks amid recent stock market surge, Bank of England chief warns – as it happened",The Guardian,2025-10-13T14:14:35Z,,83.69,TRUE
Shareholders of UK fintech Wise vote to move main stock market listing to US,The Guardian,2025-07-28T18:14:08Z,,71.49,TRUE
Mini-revival of London stock market listings is relief to Rachel Reeves | Nils Pratley,The Guardian,2026-01-02T06:00:03Z,,71.49,TRUE
Global stock markets fall sharply over AI bubble fears,The Guardian,2025-11-05T11:20:00Z,,59.09,TRUE
"Looser bonus rules and tax breaks needed to save London stock market, says CBI ",The Guardian,2025-07-09T04:00:41Z,,71.49,TRUE
City minister accused of ignoring £2bn car finance tax loophole,The Guardian,2026-01-25T11:00:05Z,,86.94,TRUE
Politics drives markets: euro and Paris stock market slide amid French political crisis; Japanese stocks surge after Takaichi’s victory– business live,The Guardian,2025-10-06T14:00:29Z,,85.29,TRUE
How ‘liberation day’ rout compares with other notorious stock market crises,The Guardian,2025-04-08T08:00:41Z,,71.49,TRUE
A mountain to climb in today’s job market | Letters,The Guardian,2026-02-26T17:38:58Z,,87.31,TRUE
SpaceX reportedly mulling Tesla merger or tie-up with Elon Musk’s xAI firm,The Guardian,2026-01-30T08:38:04Z,,80.34,TRUE
Activist investor Elliott builds up stake in London Stock Exchange Group,The Guardian,2026-02-11T11:00:12Z,,47.36,FAKE
Do I (in the UK) need to worry about the US stock market? ,The Guardian,2025-04-28T06:00:53Z,,71.49,TRUE
Cobalt firm taps in to electric car boom with £174m London stock market float,The Guardian,2025-05-12T14:54:44Z,,71.49,TRUE
Brighton Pier owner to delist from London stock market and go private,The Guardian,2025-04-02T11:26:51Z,,71.49,TRUE
Zelenskyy names Canada’s ex-finance minister as economic adviser in Ukraine,The Guardian,2026-01-05T18:21:51Z,,88.93,TRUE
Worried about your stock market savings as Trump tariffs wreak havoc? Don’t panic,The Guardian,2025-04-13T14:00:17Z,,58.23,TRUE
Stock markets drop amid jitters over US economy and tech valuations – business live,The Guardian,2025-11-07T17:04:22Z,,70.65,TRUE
The stock market is always terrible at valuing technology revolutions | Nils Pratley,The Guardian,2025-01-28T18:10:43Z,,71.49,TRUE
Criminal charges against Australian debt collection company Panthera Finance dismissed,The Guardian,2025-11-25T06:57:11Z,,86.94,TRUE
"Tariffs driving India to strike trade deals, finance minister says ahead of UK talks",The Guardian,2025-04-08T15:01:35Z,,86.94,TRUE
The Good Society by Kate Pickett review – the Spirit Level author takes stock ,The Guardian,2026-02-03T07:00:32Z,,47.36,FAKE
ASX 200: Australian stock market bounces back despite tariff threats after worst session in five years,The Guardian,2025-04-08T06:59:43Z,,71.49,TRUE
US regional bank stocks fall amid Wall Street concern over credit markets,The Guardian,2025-10-16T19:19:08Z,,93.19,TRUE
Confessions of an education CFO: why finance for academic organisations needn’t be a headache,The Guardian,2026-02-09T11:45:18Z,,86.94,TRUE
Ministers urged to close £2bn tax loophole in car finance scandal,The Guardian,2025-12-06T10:00:49Z,,86.94,TRUE
Belgian politicians and finance bosses targeted by Russian intelligence over seized assets,The Guardian,2025-12-17T17:37:30Z,,86.94,TRUE
"Women in tech and finance at higher risk from AI job losses, report says",The Guardian,2026-02-04T00:01:27Z,,60.08,TRUE
Best UK universities for accounting & finance – league table,The Guardian,2025-09-13T07:01:01Z,,86.94,TRUE
"European stock markets fall as Trump renews tariff threats; trade war would be a ‘wrecking ball’ for UK manufacturing, union says",The Guardian,2026-01-19T17:36:33Z,,47.36,FAKE
"FourWorld Takes a Major Swing on Sable Offshore (SOC), Buying 8 Million Shares",EODHD,2026-03-02T05:11:10+00:00,,80.34,TRUE
BYD February Vehicle Production And Sales Volume Drop; Shares Up,EODHD,2026-03-02T05:10:34+00:00,,80.34,TRUE
Consumption and pharma stocks offer opportunities as earnings recover and global headwinds recede: Nippon India Mutual Fund’s Sailesh Raj Bhan,The Times of India,2026-03-02T01:00:00Z,,92.98,TRUE
SEBI takes aim at curbing portfolio overlaps: Here’s what it means for mutual fund investors,Livemint,2026-03-02T03:07:33Z,,92.28,TRUE
"S Naren says markets in ‘boring cycle’, wants investors to temper returns and rethink silver, smallcaps and AI bets",The Times of India,2026-02-09T05:29:06Z,,41.38,FAKE
HDFC Flexicap joins ₹1 trn AUM club; NSE unique investor count tops 250 mn,Business Standard,2026-02-13T17:24:36Z,,80.34,TRUE
Mutual funds adopt India Inc’s next gen companies with open arms,The Times of India,2026-02-10T00:30:00Z,,86.87,TRUE
Nigeria’s public debt rose to N153.29tn in September 2025 – DMO,The Punch,2026-02-20T18:38:08Z,,80.34,TRUE
"Can Sensex, Nifty snap 2-day fall on Monday? 7 factors that could decide market mood this week",The Times of India,2026-02-15T04:10:43Z,,91.6,TRUE
"Stock Market Live Updates 5 February 2026: Sensex slips 145 points to 83,671 at open, Nifty down 45 points at 25,730",BusinessLine,2026-02-05T04:02:18Z,,87.98,TRUE
"University of Bristol launches Mumbai campus, announces partnership with IIT-Bombay, industry",The Times of India,2026-02-25T11:48:22Z,,90.04,TRUE
"ETMarkets Smart Talk | Only 16% IPOs beat market returns; be selective, says Ajay Tyagi who follows Warren Buffett",The Times of India,2026-02-18T03:30:00Z,,73.13,TRUE
"Bharti Airtel shares in focus on ₹20,000 cr NBFC investment plan, stock slips 4%",BusinessLine,2026-02-24T05:17:15Z,,75.93,TRUE
"Mukul Agrawal, Sunil Singhania-backed Yaap Digital IPO opens today. Check GMP and other details",The Times of India,2026-02-25T02:23:42Z,,80.34,TRUE
Sebi stalls new exchanges' entry into options market: Report,The Times of India,2026-02-10T07:26:15Z,,92.53,TRUE
Bunker Hill Announces Effective Date of Reverse Stock Split and Update to C$30 Million LIFE Offering,EODHD,2026-03-04T05:15:00+00:00,,72.2,TRUE
Tesla Reworks Fremont For Optimus Robots As Physical AI Bet Grows,EODHD,2026-03-04T05:11:36+00:00,,56.51,TRUE
GE Aerospace Contracts Add Context To General Electric Valuation And Momentum,EODHD,2026-03-04T05:11:25+00:00,,80.34,TRUE
Is Amazon.com (AMZN) Still Attractively Priced After Recent 12.8% Pullback?,EODHD,2026-03-04T05:09:41+00:00,,80.34,TRUE
"Record Results, Buybacks and Dividend Hike Could Be A Game Changer For East West Bancorp (EWBC)",EODHD,2026-03-04T05:09:26+00:00,,80.34,TRUE
How JPMorgan’s New Target Is Shaping The Evolving Story At Inchcape (LSE:INCH),EODHD,2026-03-04T05:09:12+00:00,,89.25,TRUE
Green Building Initiative führt Ascent Building Certification™ für globale Märkte ein,EODHD,2026-03-04T05:09:00+00:00,,80.34,TRUE
Green Building Initiative 面向全球市场推出 Ascent Building Certification™,EODHD,2026-03-04T05:09:00+00:00,,80.34,TRUE
Green Building Initiative 為全球市場推出 Ascent Building Certification™,EODHD,2026-03-04T05:09:00+00:00,,80.34,TRUE
Green Building Initiative lance la certification Ascent Building Certification™ pour les marchés mondiaux,EODHD,2026-03-04T05:09:00+00:00,,80.34,TRUE
Green Building Initiative משיקה את ההסמכה Ascent Building Certification™ לשווקים גלובליים,EODHD,2026-03-04T05:09:00+00:00,,80.34,TRUE
Green Building Initiative Meluncurkan Ascent Building Certification™ untuk Pasar Global,EODHD,2026-03-04T05:09:00+00:00,,87.31,TRUE
グリーン・ビルディング・イニシアチブ (Green Building Initiative)、グローバル市場向けにアセント・ビル認証 (Ascent Building Certification™) を発表,EODHD,2026-03-04T05:09:00+00:00,,80.34,TRUE
"그린 빌딩 이니셔티브, 글로벌 시장 대상 Ascent Building Certification™ 출시",EODHD,2026-03-04T05:09:00+00:00,,80.34,TRUE
Green Building Initiative Melancarkan Ascent Building Certification™ untuk Pasaran Global,EODHD,2026-03-04T05:09:00+00:00,,87.31,TRUE
La iniciativa de construcción sostenible Green Building Initiative lanza Ascent Building Certification™ para mercados globales,EODHD,2026-03-04T05:09:00+00:00,,80.34,TRUE
Green Building Initiative เปิดตัวมาตรฐานการรับรองอาคาร Ascent Building Certification™ สำหรับตลาดทั่วโลก,EODHD,2026-03-04T05:09:00+00:00,,80.34,TRUE
Green Building Initiative Lança Ascent Building Certification™ para Mercados Globais,EODHD,2026-03-04T05:09:00+00:00,,80.34,TRUE
"Endeavour Group H1 Profit Drops, Sales Edge Up; 7-week Segmental Sales Rise; Shares Down",EODHD,2026-03-04T05:02:23+00:00,,56.51,TRUE
Mimecast Study: 42% of Organizations Report Rise in Malicious Insider Threats Over Past Year,EODHD,2026-03-04T05:01:00+00:00,,51.46,TRUE
"D.R. Horton's Southwest Florida Division Announces Driftwood Bay, a New Home Community in Port Charlotte, Florida",EODHD,2026-03-04T05:00:00+00:00,,91.4,TRUE
Dexterra Group Inc. Q4 Profit Rises,EODHD,2026-03-04T04:56:56+00:00,,56.51,TRUE
USD/CHF weakens to near 0.7800 as Middle East tensions lift Swiss Franc,EODHD,2026-03-04T04:54:52+00:00,,80.34,TRUE
"Rupee falls past 92/dollar to record low on Mideast war, central bank likely steps in",EODHD,2026-03-04T04:52:27+00:00,,80.34,TRUE
Indian Shares Extend Slump As Middle East Conflict Widens,EODHD,2026-03-04T04:52:19+00:00,,88.59,TRUE
Cryoport outlines $190M–$194M 2026 revenue target as commercial cell therapy drives growth,EODHD,2026-03-04T04:42:42+00:00,,93.65,TRUE
Is Occidental Petroleum (OXY) Pricing Fair After Its Strong Year To Date Rally?,EODHD,2026-03-04T04:37:15+00:00,,87.59,TRUE
Is Curtiss-Wright’s (CW) Custom Test Partnership Deepening Its Edge In Mission-Critical Aerospace Systems?,EODHD,2026-03-04T04:37:14+00:00,,80.34,TRUE
Assessing Wheaton Precious Metals (TSX:WPM) Valuation After Strong Multi‑Period Returns And Recent Pullback,EODHD,2026-03-04T04:36:54+00:00,,72.77,TRUE
A Look At Pinnacle West Capital (PNW) Valuation After Profit Return And Reaffirmed 2026 Guidance,EODHD,2026-03-04T04:36:30+00:00,,56.51,TRUE
Assessing Norsk Hydro (OB:NHY) Valuation After Recent Share Price Volatility,EODHD,2026-03-04T04:36:20+00:00,,87.31,TRUE
JPMorgan: Iran War A 'Modest Macro-Economic Shock',EODHD,2026-03-04T04:35:45+00:00,,80.34,TRUE
Walmart Settlement Raises Questions On Gig Driver Costs And Investor Outlook,EODHD,2026-03-04T04:35:24+00:00,,91.42,TRUE
Assessing Munich Re (XTRA:MUV2) Valuation After Record 2025 Earnings And Major Capital Return Plan,EODHD,2026-03-04T04:35:03+00:00,,87.59,TRUE
Visa partners with Laufey to spread the magic of travel in Asia Pacific; to be Official Payment Partner for Laufey: A Matter of Time Tour,EODHD,2026-03-04T04:35:00+00:00,,80.34,TRUE
From Green Coin to Governance Giant: The Evolution of Bitcoin Plus into a Crypto Casino Watchdog,EODHD,2026-03-04T04:33:00+00:00,,80.34,TRUE
AUD/JPY drops to 110.00 as notable JPY strength offsets upbeat Australian Q4 GDP print,EODHD,2026-03-04T04:30:30+00:00,,80.34,TRUE
ZenaDrone de ZenaTech impulsa la participación en defensa de EE. UU. y en el Congreso con el desarrollo de drones alineados con Blue UAS,EODHD,2026-03-04T04:23:00+00:00,,80.34,TRUE
Why Monday.com Stock Lost 37% in February,EODHD,2026-03-04T04:22:41+00:00,,47.36,FAKE
"IGSB Offers Broader Diversification Than VCSH, But Is It the Better Buy? Here's What You Need to Know",EODHD,2026-03-04T04:20:03+00:00,,54.42,TRUE
Superior group outlines 2026 revenue target of up to $585M with back-end weighted growth amid strategic investments,EODHD,2026-03-04T04:15:10+00:00,,93.25,TRUE
Arcturus outlines 12-week Phase II CF trial launch and expects regulatory clarity for ARCT-810 in 2026,EODHD,2026-03-04T04:15:09+00:00,,91.01,TRUE
Goldman CEO says markets may take a 'couple of weeks' to digest Iran war impact,EODHD,2026-03-04T04:08:44+00:00,,80.34,TRUE
"Asian Equities Fall, Oil Rises Amid Ongoing Middle East Conflict",EODHD,2026-03-04T04:02:00+00:00,,87.72,TRUE
Pakistan Prime Minister’s Cashless Economy Initiative Takes Global Stage at MWC Barcelona,EODHD,2026-03-04T04:00:00+00:00,,87.31,TRUE
"Superior Group Of Companies, Inc. Bottom Line Advances In Q4",EODHD,2026-03-04T03:52:22+00:00,,80.34,TRUE
"Down 25% in Just 1 Week, Is It Finally Time to Buy CoreWeave Stock?",EODHD,2026-03-04T03:52:00+00:00,,47.36,FAKE
Global Funds Unwind Hottest AI Trades as Oil Supply Fears Mount,EODHD,2026-03-04T03:50:07+00:00,,74.62,TRUE
What To Expect From Burlington’s (BURL) Q4 Earnings,EODHD,2026-03-04T03:41:03+00:00,,87.59,TRUE
Asian Equities Fall Sharply Amid Ongoing Middle East Conflict,EODHD,2026-03-04T03:38:23+00:00,,87.72,TRUE
"Better Cryptocurrency to Buy Today With $3,000 and Hold for 7 Years: XRP vs. Bitcoin",EODHD,2026-03-04T03:35:00+00:00,,80.34,TRUE
Dow Jones Futures Fall As Korean Stocks Dive Again; Trump Makes This Pledge,EODHD,2026-03-04T03:30:36+00:00,,90.36,TRUE
Gap (GAP) Reports Q4: Everything You Need To Know Ahead Of Earnings,EODHD,2026-03-04T03:26:03+00:00,,81.62,TRUE
"Asian Markets Tumble, Track Global Markets",EODHD,2026-03-04T03:16:19+00:00,,87.31,TRUE
Costco (COST) Reports Q1: Everything You Need To Know Ahead Of Earnings,EODHD,2026-03-04T03:16:03+00:00,,81.62,TRUE
FTI Consulting (FCN) Is Up 6.1% After Record 2025 Results And 2026 Guidance - Has The Bull Case Changed?,EODHD,2026-03-04T03:15:29+00:00,,80.34,TRUE
Assessing Electronic Arts (EA) Valuation After Recent Mixed Share Price Performance,EODHD,2026-03-04T03:14:24+00:00,,80.34,TRUE
Is AES (AES) Still Attractive After A 38% Gain And Recent Pullback?,EODHD,2026-03-04T03:13:01+00:00,,80.34,TRUE
Johnson And Johnson Balances Nipocalimab Progress With Bayer Legal Challenge,EODHD,2026-03-04T03:12:40+00:00,,80.34,TRUE
Assessing Equifax (EFX) Valuation After Dividend Increase And New U.S. Information Solutions Leadership,EODHD,2026-03-04T03:12:21+00:00,,91.38,TRUE
L3Harris CFO Change Highlights Missile Solutions IPO And Valuation Story,EODHD,2026-03-04T03:11:37+00:00,,80.34,TRUE
Does Venezuela Heavy Crude Deal And Higher Dividend Change The Bull Case For Phillips 66 (PSX)?,EODHD,2026-03-04T03:11:22+00:00,,80.34,TRUE
"Enphase Energy, Inc. Notice of April 20, 2026 Application Deadline for Class Action Lawsuit - Contact Lewis Kahn, Esq. at Kahn Swick &amp; Foti, LLC, Before Application Deadline",EODHD,2026-03-04T03:07:00+00:00,,80.34,TRUE
"uniQure N.V. Securities Fraud Class Action Result of FDA Approval Delay and 49% Stock Decline - Investors may Contact Lewis Kahn, Esq, at Kahn Swick &amp; Foti, LLC",EODHD,2026-03-04T03:04:00+00:00,,47.36,FAKE
VersaBank (VBNK) Q1 Earnings Match Estimates,EODHD,2026-03-04T03:00:01+00:00,,87.59,TRUE
"Otis Appoints Hemant Jolly as Senior Vice President &amp; Managing Director, Australasia",EODHD,2026-03-04T03:00:00+00:00,,80.34,TRUE
BC Poker Launches Bitcoin Poker Platform With $5 No Deposit Bonus and Advanced Fair Play Protection,EODHD,2026-03-04T03:00:00+00:00,,80.34,TRUE
Capricorn Dumps 1.19 Million Navitas Semiconductor Shares Worth $11.4 Million,EODHD,2026-03-04T02:58:38+00:00,,80.34,TRUE
Indian rupee may slide past 92 to record low as Mideast war fires up oil prices,EODHD,2026-03-04T02:56:44+00:00,,88.59,TRUE
Asian shares extend losses as the war with Iran widens and oil surges higher,EODHD,2026-03-04T02:49:57+00:00,,80.34,TRUE
"DermaFix Nail Fungus Treatment Gel Claims Evaluated in 2026 Market Report Covering Tea Tree Oil Research, Penetration Technology Positioning, and Pricing Transparency",EODHD,2026-03-04T02:44:00+00:00,,87.31,TRUE
Bitget Wallet Expands Zero-Fee Crypto Card in Latin America,EODHD,2026-03-04T02:44:00+00:00,,80.34,TRUE
Tesla vs. Amazon: Which AI Stock Is the Better Buy Now?,EODHD,2026-03-04T02:43:00+00:00,,38.77,FAKE
GitLab outlines FY '27 revenue guidance of $1.099B–$1.118B while launching AI agent platform and $400M share repurchase program,EODHD,2026-03-04T02:42:56+00:00,,56.51,TRUE
Cricut outlines accelerated product launches and bundle-first strategy as platform revenue rises 6% year-on-year,EODHD,2026-03-04T02:42:48+00:00,,47.36,FAKE
"Kyndryl Holdings, Inc. Notice of April 13, 2026 Application Deadline for Class Action Lawsuit - Contact Lewis Kahn, Esq. at Kahn Swick &amp; Foti, LLC, Before Application Deadline",EODHD,2026-03-04T02:42:00+00:00,,80.34,TRUE
"At KBIS 2026, iSpring Water Systems Showcases Water Filtration Solutions for Modern Kitchen Remodels",EODHD,2026-03-04T02:41:00+00:00,,80.34,TRUE
Treasury Stability or Higher Bond Income? SCHO vs. ISTB,EODHD,2026-03-04T02:40:49+00:00,,80.34,TRUE
"Europe should focus on industrial AI, SAP says",EODHD,2026-03-04T02:40:13+00:00,,56.51,TRUE
"Ultragenyx Pharmaceutical Inc. Notice of April 6, 2026 Application Deadline for Class Action Lawsuit - Contact Lewis Kahn, Esq. at Kahn Swick &amp; Foti, LLC, Before Application Deadline",EODHD,2026-03-04T02:39:00+00:00,,80.34,TRUE
"Navan, Inc. Notice of April 24, 2026 Application Deadline for Class Action Lawsuit - Contact Lewis Kahn, Esq. at Kahn Swick &amp; Foti, LLC, Before Application Deadline",EODHD,2026-03-04T02:38:00+00:00,,80.34,TRUE
Indian Shares Set To Extend Losses As Middle East War Escalates,EODHD,2026-03-04T02:37:03+00:00,,88.59,TRUE
"CoreWeave, Inc. Notice of March 13, 2026 Application Deadline for Class Action Lawsuit - Contact Lewis Kahn, Esq. at Kahn Swick &amp; Foti, LLC, Before Application Deadline",EODHD,2026-03-04T02:37:00+00:00,,80.34,TRUE
"Corcept Therapeutics Incorporated Securities Fraud Class Action Result of FDA Approval Issues and 50% Stock Decline - Investors may Contact Lewis Kahn, Esq, at Kahn Swick &amp; Foti, LLC",EODHD,2026-03-04T02:36:00+00:00,,47.36,FAKE
"Ardent Health Corporation Securities Fraud Class Action Result of Undisclosed Collections Problems and 33% Stock Decline - Investors may Contact Lewis Kahn, Esq, at Kahn Swick &amp; Foti, LLC",EODHD,2026-03-04T02:35:00+00:00,,47.36,FAKE
"BellRing Brands, Inc. Securities Fraud Class Action Result of Inventory Issues and 52% Stock Decline - Investors may Contact Lewis Kahn, Esq, at Kahn Swick &amp; Foti, LLC",EODHD,2026-03-04T02:34:00+00:00,,47.36,FAKE
Tesla Rival Xiaomi Deploys Humanoid Robot With 3 Hours Of Autonomous Operating Time At EV Assembly Plant,EODHD,2026-03-04T02:31:28+00:00,,80.34,TRUE
Accel Entertainment Inc. Full Year Profit Advances,EODHD,2026-03-04T02:31:20+00:00,,56.51,TRUE
Silver Price Forecast: XAG/USD rises to near $85.00 as Middle East war intensifies,EODHD,2026-03-04T02:26:34+00:00,,80.34,TRUE
3 Red-Hot Growth Stocks to Buy in 2026,EODHD,2026-03-04T02:20:00+00:00,,94.55,TRUE
Assessing Citigroup (C) Valuation After Morgan Stanley Endorsement And Profitability Push,EODHD,2026-03-04T02:12:55+00:00,,80.34,TRUE
Assessing Badger Meter (BMI) Valuation After Mixed Momentum And IoT Growth Expectations,EODHD,2026-03-04T02:12:38+00:00,,93.65,TRUE
Is It Too Late To Consider Phillips 66 (PSX) After Its Strong 1 Year Run?,EODHD,2026-03-04T02:12:36+00:00,,87.59,TRUE
Apple’s Broad Hardware Refresh Puts Ecosystem And Valuation In Focus,EODHD,2026-03-04T02:12:24+00:00,,80.34,TRUE
VersaBank Q1 Profit Rises,EODHD,2026-03-04T02:12:07+00:00,,56.51,TRUE
"Bragar Eagel &amp; Squire, P.C. Urges CoreWeave, Inc. (NASDAQ:CRWV) Stockholders with Large Losses to Contact the Firm Before March 13th",EODHD,2026-03-04T02:11:00+00:00,,80.34,TRUE
Okta PGA Partnership Puts AI Identity Platform To A Broader Test,EODHD,2026-03-04T02:10:51+00:00,,56.51,TRUE
Schneider Electric Links AI Data Center Growth With Sustainability Focus,EODHD,2026-03-04T02:10:12+00:00,,79.28,TRUE
Twilio’s AI Platform Shift Puts Growth Mix And Margins In Focus,EODHD,2026-03-04T02:10:09+00:00,,79.28,TRUE
Coral India Finance & Housing Ltd: Valuation Shifts Signal Price Attractiveness Amid Market Challenges - Markets Mojo,Google News,"Wed, 04 Mar 2026 03:02:38 GMT",,90.97,TRUE
"Five Stocks To Buy Or Sell: BEL, ONGC, Hindalco, Muthoot Finance And More | March 4, 2026 - NDTV Profit",Google News,"Wed, 04 Mar 2026 01:47:43 GMT",,82.82,TRUE
"Explained: What US-Israel war on Iran means for Indian stock market investors, crude oil and exports - The Economic Times",Google News,"Mon, 02 Mar 2026 05:08:47 GMT",,85.2,TRUE
India's stock market is failing to match growth in economy - Financial Times,Google News,"Thu, 05 Feb 2026 08:00:00 GMT",,83.14,TRUE
"Better Home & Finance Holding (BETR) Live Share Price, Invest From India - INDmoney",Google News,"Fri, 27 Feb 2026 20:59:30 GMT",,86.94,TRUE
Coral India Finance & Housing Ltd Falls to 52-Week Low of Rs.32.85 - Markets Mojo,Google News,"Mon, 02 Mar 2026 08:57:23 GMT",,86.94,TRUE
Tourism Finance Corporation of India Limited - Holi to Holi: 15 smallcap multibaggers that soared up to 500% in a year - The Economic Times,Google News,"Tue, 03 Mar 2026 05:52:16 GMT",,90.27,TRUE
"Rs 2.8 lakh crore selloff! Sensex tumbles nearly 600 pts, Nifty at 25,800. What spooked the Indian stock m - The Economic Times",Google News,"Thu, 12 Feb 2026 08:00:00 GMT",,88.33,TRUE
"Why Jane Street, a US trading giant, is in trouble in India - BBC",Google News,"Wed, 16 Jul 2025 07:00:00 GMT",,37.87,FAKE
"Stock market today: Trade setup for Nifty 50, India-US trade talks, Cabinet decisions to gold prices - 8 stocks to buy - Mint",Google News,"Thu, 13 Nov 2025 08:00:00 GMT",,85.88,TRUE
"Why stock market is down today? Sensex ends 721 pts lower, Nifty below 24,850; 5 reasons behind the fall - The Economic Times",Google News,"Fri, 25 Jul 2025 07:00:00 GMT",,87.86,TRUE
India’s Pronto formalizes house help as its valuation jumps 8x in under a year - Yahoo Finance,Google News,"Tue, 03 Mar 2026 01:15:00 GMT",,86.94,TRUE
Bajaj Housing Finance stock price: Share tumbles 9% to hit 52-week low; here's what triggered the fall - The Times of India,Google News,"Tue, 02 Dec 2025 08:00:00 GMT",,70.78,TRUE
India and foreign market access: opening the gates - Capital Economics,Google News,"Tue, 29 Jul 2025 07:00:00 GMT",,90.56,TRUE
Stock Market Timings in India - Upstox,Google News,"Fri, 17 Oct 2025 07:00:00 GMT",,71.49,TRUE
Top 5 Small Finance Bank Stocks in India - Upstox,Google News,"Mon, 22 Dec 2025 08:00:00 GMT",,91.08,TRUE
"Laxmi India Finance IPO allotment: Steps to check status online on NSE, BSE, MUFG Intime India - Upstox",Google News,"Thu, 31 Jul 2025 07:00:00 GMT",,86.94,TRUE
"Indian equity benchmarks snap 3-day losing streak on financial, pharma boost - Reuters",Google News,"Wed, 21 May 2025 07:00:00 GMT",,88.59,TRUE
"Top gainers and losers on December 5: Shriram Finance, State Bank of India, Bajaj Finserv rise over 2.13%; check full list - Upstox",Google News,"Fri, 05 Dec 2025 08:00:00 GMT",,86.94,TRUE
"India's financial stocks fuel Nifty 50's March comeback, set for strong FY2026 - Reuters",Google News,"Fri, 28 Mar 2025 07:00:00 GMT",,92.76,TRUE
Foreign investors boost purchases of India's financial shares in April - Reuters,Google News,"Wed, 07 May 2025 07:00:00 GMT",,89.12,TRUE
Capital India Finance Ltd Technical Momentum Shifts Amid Mixed Market Signals - Markets Mojo,Google News,"Wed, 14 Jan 2026 08:00:00 GMT",,92.19,TRUE
Laxmi India Finance Shares Debut at 13% Discount Despite Oversubscribed IPO - scanx.trade,Google News,"Mon, 04 Aug 2025 07:00:00 GMT",,86.94,TRUE
"Laxmi India Finance IPO to launch on July 29: From price band, lot size to objectives, key details to consider - Upstox",Google News,"Wed, 23 Jul 2025 07:00:00 GMT",,86.94,TRUE
Laxmi India Finance shares debut at 14% discount to IPO price - CNBC TV18,Google News,"Tue, 05 Aug 2025 07:00:00 GMT",,86.94,TRUE
Financial stocks to shop for Diwali: Brokerages see 7 counters with up to 30% upside this Samvat 2082 - The Economic Times,Google News,"Tue, 21 Oct 2025 07:00:00 GMT",,92.18,TRUE
How to use Perplexity Finance to track live stock prices in India - Moneycontrol.com,Google News,"Wed, 13 Aug 2025 07:00:00 GMT",,70.78,TRUE
Gas prices soar and oil jumps as Iran war pushes down global stock markets,The Guardian,2026-03-02T18:09:55Z,,71.49,TRUE
Stock markets slump amid Iran war as gas prices jump 30% to three-year high,The Guardian,2026-03-03T12:57:49Z,,70.65,TRUE
Global stock markets tumble as Trump bid to avert oil crisis in strait of Hormuz fails to reassure,The Guardian,2026-03-04T04:54:00Z,,55.27,TRUE
What was really behind Jack Dorsey laying off nearly half of Block’s staff?,The Guardian,2026-03-03T22:06:19Z,,80.34,TRUE
Trading halted in Seoul: South Korea's KOSPI plunges 12% as Middle East war triggers historic sell-off,EODHD,2026-03-04T05:26:16+00:00,https://seekingalpha.com/news/4560512-trading-halted-in-seoul-kospi-plunges-12-as-middle-east-war-triggers-historic-sell-off?utm_source=feed_news_all&amp;utm_medium=referral&amp;feed_item_type=news,37.87,FAKE
Nvidia joins funding for UK's driverless startup in $103M round,EODHD,2026-03-04T04:49:05+00:00,https://seekingalpha.com/news/4560511-nvidia-joins-funding-for-uks-driverless-startup-in-103m-funding-round?utm_source=feed_news_all&amp;utm_medium=referral&amp;feed_item_type=news,80.34,TRUE
Palo Alto Networks MWC Deals Tie AI Security Story To Valuation Gap,EODHD,2026-03-04T03:15:06+00:00,https://finance.yahoo.com/news/palo-alto-networks-mwc-deals-031506313.html,56.51,TRUE
Terreno Realty (TRNO) Valuation Check After Mixed Signals From Earnings And Cash Flow Models,EODHD,2026-03-04T03:14:52+00:00,https://finance.yahoo.com/news/terreno-realty-trno-valuation-check-031452855.html,89.92,TRUE
